mood,acousticness,danceability,energy,instrumentalness,liveness,loudness,speechiness,tempo,valence,timeSignature
calm,0.949,0.735,0.456,0.878,0.118,-12.937,0.0524,147.97,0.708,4
calm,0.0859,0.773,0.291,0.898,0.117,-15.935,0.0781,80.006,0.601,4
calm,0.374,0.636,0.438,0.837,0.873,-12.56,0.0707,149.981,0.915,4
calm,0.842,0.768,0.574,0.926,0.115,-7.573,0.0578,74.997,0.299,4
calm,0.488,0.766,0.238,0.935,0.124,-11.831,0.0445,105.0,0.394,4
calm,0.382,0.713,0.343,0.383,0.26,-12.351,0.0331,112.861,0.389,4
calm,0.953,0.618,0.243,0.902,0.0736,-13.537,0.122,90.026,0.321,4
calm,0.281,0.728,0.473,0.865,0.153,-7.572,0.0773,76.01,0.549,4
calm,0.779,0.575,0.244,0.742,0.102,-16.842,0.0401,144.087,0.169,4
calm,0.418,0.742,0.334,0.0193,0.105,-9.704,0.068,80.008,0.615,4
calm,0.0874,0.793,0.469,0.259,0.111,-7.57,0.191,88.001,0.222,4
calm,0.0911,0.725,0.434,0.789,0.119,-8.768,0.192,179.936,0.957,4
calm,0.107,0.64,0.519,0.626,0.199,-7.866,0.309,158.944,0.393,4
calm,0.467,0.658,0.7,0.226,0.245,-10.132,0.0881,150.125,0.945,4
calm,0.758,0.785,0.449,0.822,0.235,-9.813,0.172,83.961,0.506,4
calm,0.829,0.795,0.0365,0.848,0.089,-19.728,0.0826,130.041,0.202,4
calm,0.7,0.745,0.383,0.954,0.108,-17.446,0.0614,80.005,0.157,4
calm,0.714,0.78,0.336,0.448,0.128,-13.902,0.173,140.118,0.94,4
calm,0.46,0.757,0.173,0.939,0.082,-14.229,0.0781,82.009,0.248,4
calm,0.665,0.612,0.0997,0.848,0.0811,-19.531,0.0325,77.51,0.215,4
calm,0.407,0.517,0.509,0.311,0.251,-9.917,0.137,74.98,0.37,4
calm,0.475,0.588,0.354,0.863,0.119,-10.283,0.0469,80.018,0.316,4
calm,0.673,0.834,0.289,0.849,0.143,-8.706,0.047,88.015,0.821,4
calm,0.352,0.76,0.731,0.652,0.144,-7.041,0.0515,87.996,0.471,4
calm,0.83,0.641,0.28,0.913,0.114,-13.989,0.102,168.064,0.143,4
calm,0.0385,0.569,0.406,0.876,0.092,-13.188,0.0379,168.015,0.634,4
calm,0.935,0.657,0.203,0.921,0.107,-15.717,0.0428,74.995,0.0626,4
calm,0.904,0.624,0.172,0.926,0.0878,-20.261,0.0512,153.974,0.336,4
calm,0.741,0.73,0.356,0.908,0.383,-10.137,0.0509,88.011,0.266,4
calm,0.958,0.653,0.167,0.931,0.0986,-19.743,0.0396,75.962,0.461,3
calm,0.785,0.575,0.281,0.862,0.182,-12.741,0.0452,80.018,0.368,4
calm,0.731,0.551,0.186,0.678,0.128,-16.455,0.0434,156.08,0.244,4
calm,0.636,0.77,0.521,0.823,0.865,-14.079,0.076,136.021,0.302,4
calm,0.558,0.594,0.386,0.931,0.041,-12.994,0.062,79.923,0.327,4
calm,0.91,0.78,0.395,0.949,0.107,-10.114,0.129,170.017,0.406,4
calm,0.748,0.83,0.151,0.0794,0.138,-8.538,0.277,87.954,0.442,4
calm,0.894,0.529,0.691,0.58,0.0875,-7.442,0.124,84.645,0.557,4
calm,0.345,0.644,0.526,0.389,0.0723,-9.351,0.0691,160.133,0.299,4
calm,0.812,0.594,0.567,0.917,0.109,-13.506,0.0366,85.014,0.184,4
calm,0.117,0.778,0.348,0.366,0.396,-11.291,0.0712,83.975,0.345,4
calm,0.329,0.471,0.431,0.0,0.0854,-6.129,0.0342,157.98,0.289,4
calm,0.21,0.686,0.714,0.041,0.747,-7.635,0.0804,150.121,0.704,4
calm,0.442,0.758,0.341,0.243,0.123,-10.172,0.105,80.007,0.447,4
calm,0.864,0.657,0.294,0.886,0.0822,-12.695,0.0413,81.99,0.6,4
calm,0.246,0.783,0.183,0.708,0.142,-10.173,0.103,140.049,0.287,4
calm,0.783,0.757,0.203,0.848,0.112,-14.426,0.0604,156.04,0.298,4
calm,0.457,0.675,0.609,0.663,0.0922,-8.461,0.0377,163.031,0.235,4
calm,0.951,0.644,0.425,0.931,0.141,-8.185,0.0362,75.015,0.268,4
calm,0.808,0.687,0.283,0.889,0.11,-13.306,0.113,175.857,0.37,4
calm,0.925,0.677,0.291,0.922,0.107,-14.449,0.103,85.096,0.0355,4
calm,0.683,0.826,0.466,0.476,0.116,-7.262,0.0729,87.043,0.571,4
calm,0.497,0.575,0.198,0.644,0.12,-12.03,0.0627,85.021,0.167,4
calm,0.468,0.706,0.35,0.33,0.115,-10.072,0.0434,155.877,0.695,4
calm,0.705,0.534,0.486,0.927,0.323,-10.058,0.0535,81.903,0.0937,4
calm,0.348,0.704,0.607,0.5,0.107,-8.25,0.0456,74.983,0.216,4
calm,0.925,0.682,0.339,0.894,0.105,-10.693,0.0457,75.047,0.383,4
calm,0.264,0.695,0.206,0.884,0.14,-8.498,0.0689,85.016,0.521,4
calm,0.806,0.713,0.311,0.855,0.0673,-11.484,0.0369,90.027,0.133,4
calm,0.293,0.645,0.532,0.496,0.427,-7.572,0.0324,79.305,0.405,4
calm,0.632,0.711,0.242,0.742,0.0888,-13.298,0.259,81.009,0.625,4
calm,0.22,0.682,0.326,0.367,0.1,-14.364,0.0296,87.985,0.654,4
calm,0.639,0.616,0.348,0.936,0.0797,-12.401,0.0408,87.977,0.334,4
calm,0.481,0.669,0.306,0.00491,0.0762,-9.112,0.0872,170.055,0.227,4
calm,0.0207,0.663,0.36,0.905,0.141,-2.549,0.067,86.132,0.608,4
calm,0.656,0.68,0.398,0.848,0.0931,-13.87,0.056,79.046,0.396,4
calm,0.678,0.755,0.422,0.854,0.109,-11.775,0.0333,119.995,0.565,4
calm,0.949,0.498,0.478,0.371,0.286,-10.629,0.0441,84.385,0.24,4
calm,0.131,0.333,0.637,1.8e-05,0.149,-4.904,0.0581,139.898,0.132,4
calm,0.416,0.82,0.17,0.859,0.0986,-12.969,0.0971,129.993,0.29,4
calm,0.0986,0.63,0.455,0.864,0.505,-8.672,0.0656,84.977,0.794,4
calm,0.926,0.53,0.175,0.114,0.103,-7.119,0.16,171.1,0.161,4
calm,0.896,0.813,0.479,0.926,0.139,-11.741,0.361,145.179,0.568,4
calm,0.422,0.767,0.172,0.158,0.0845,-18.683,0.0667,135.884,0.285,4
calm,0.762,0.494,0.254,0.865,0.0884,-13.709,0.0351,156.001,0.147,4
calm,0.203,0.829,0.197,0.746,0.0994,-13.804,0.154,90.997,0.32,4
calm,0.855,0.669,0.368,0.586,0.119,-15.863,0.0357,89.977,0.282,4
calm,0.488,0.716,0.474,0.458,0.117,-10.607,0.131,159.993,0.706,4
calm,0.911,0.624,0.485,0.858,0.125,-11.829,0.0321,130.014,0.114,4
calm,0.926,0.359,0.36,0.917,0.152,-11.751,0.0903,78.18,0.0725,4
calm,0.906,0.629,0.437,0.634,0.127,-7.825,0.0452,84.015,0.206,4
calm,0.217,0.629,0.379,0.875,0.109,-15.653,0.262,194.399,0.112,4
calm,0.741,0.658,0.335,0.872,0.133,-14.835,0.218,79.895,0.466,4
calm,0.678,0.639,0.278,0.915,0.0995,-12.84,0.0388,82.009,0.117,4
calm,0.794,0.735,0.392,0.9,0.0928,-10.111,0.0843,80.021,0.19,4
calm,0.00524,0.576,0.595,0.000257,0.305,-6.279,0.186,81.941,0.298,4
calm,0.412,0.708,0.32,0.389,0.145,-17.256,0.037,72.055,0.621,4
calm,0.44,0.599,0.38,0.901,0.111,-7.541,0.134,93.855,0.149,4
calm,0.937,0.665,0.373,0.918,0.111,-8.363,0.38,79.478,0.689,4
calm,0.153,0.602,0.26,0.252,0.104,-11.098,0.166,178.054,0.631,4
calm,0.482,0.55,0.441,0.734,0.17,-12.384,0.144,145.886,0.963,4
calm,0.311,0.701,0.453,0.927,0.146,-6.91,0.0881,82.076,0.405,4
calm,0.0125,0.625,0.43,0.631,0.423,-10.981,0.03,74.494,0.186,4
calm,0.592,0.7,0.134,0.845,0.107,-17.898,0.0771,160.033,0.435,4
calm,0.138,0.558,0.809,0.968,0.199,-10.709,0.0388,97.088,0.433,4
calm,0.799,0.609,0.237,0.935,0.113,-13.647,0.112,194.043,0.526,4
calm,0.803,0.792,0.232,0.866,0.104,-20.258,0.179,79.983,0.479,4
calm,0.838,0.782,0.349,0.951,0.119,-11.464,0.0675,74.913,0.262,4
calm,0.738,0.391,0.473,0.848,0.161,-8.124,0.0875,81.005,0.408,4
calm,0.439,0.393,0.468,0.9,0.482,-10.046,0.0546,109.846,0.112,5
calm,0.745,0.688,0.181,0.702,0.112,-13.267,0.0934,75.041,0.715,3
calm,0.877,0.622,0.288,0.948,0.0826,-11.267,0.041,79.972,0.398,4
calm,0.68,0.662,0.344,0.934,0.119,-13.254,0.0407,93.003,0.309,4
calm,0.689,0.775,0.432,0.928,0.0933,-7.428,0.14,81.994,0.213,4
calm,0.488,0.701,0.486,0.856,0.116,-6.868,0.0677,86.029,0.238,4
calm,0.771,0.495,0.364,0.594,0.0852,-8.503,0.0394,172.058,0.358,4
calm,0.474,0.834,0.405,0.853,0.103,-11.788,0.0887,155.964,0.304,4
calm,0.742,0.772,0.885,0.588,0.103,-7.382,0.129,89.132,0.967,4
calm,0.397,0.607,0.322,0.878,0.643,-10.949,0.134,174.086,0.381,4
calm,0.863,0.606,0.554,0.738,0.0943,-8.965,0.0583,79.983,0.537,4
calm,0.722,0.697,0.513,0.835,0.149,-13.551,0.0585,85.019,0.29,4
calm,0.847,0.761,0.357,0.831,0.218,-13.336,0.0714,82.328,0.972,4
calm,0.942,0.637,0.261,0.905,0.178,-11.381,0.0859,75.142,0.811,4
calm,0.207,0.706,0.259,0.891,0.0854,-16.357,0.254,88.515,0.228,4
calm,0.846,0.444,0.26,0.764,0.375,-19.291,0.0695,112.062,0.289,1
calm,0.568,0.733,0.218,0.911,0.0861,-12.471,0.146,87.143,0.34,4
calm,0.798,0.577,0.363,0.927,0.0923,-10.89,0.0394,77.877,0.282,4
calm,0.765,0.765,0.181,0.889,0.108,-14.526,0.154,82.043,0.0813,4
calm,0.678,0.567,0.349,0.889,0.0862,-9.939,0.0273,79.999,0.163,4
calm,0.879,0.666,0.197,0.881,0.109,-15.365,0.0692,77.079,0.12,4
calm,0.602,0.542,0.366,0.871,0.196,-16.079,0.0375,115.683,0.0551,4
calm,0.0419,0.807,0.576,0.931,0.116,-10.158,0.296,169.999,0.771,4
calm,0.964,0.836,0.408,0.427,0.336,-15.082,0.296,89.991,0.251,4
calm,0.654,0.585,0.284,0.888,0.109,-13.448,0.0466,83.981,0.0733,4
calm,0.179,0.73,0.858,1.54e-06,0.0611,-8.221,0.036,131.445,0.765,4
calm,0.603,0.677,0.351,0.796,0.159,-13.184,0.0521,75.0,0.396,4
calm,0.702,0.88,0.282,0.589,0.127,-9.257,0.213,132.946,0.73,4
calm,0.947,0.743,0.268,0.814,0.172,-8.826,0.0561,85.999,0.658,4
calm,0.737,0.723,0.435,0.00714,0.075,-9.095,0.0328,82.033,0.335,4
calm,0.272,0.783,0.538,0.856,0.155,-9.948,0.0928,83.98,0.69,4
calm,0.899,0.476,0.115,0.873,0.0927,-15.818,0.0381,191.5,0.241,4
calm,0.0342,0.676,0.587,0.00977,0.117,-10.442,0.0687,173.303,0.673,4
calm,0.707,0.693,0.257,0.961,0.101,-15.642,0.0385,144.057,0.249,4
calm,0.845,0.749,0.324,0.00681,0.105,-10.341,0.185,91.956,0.288,4
calm,0.819,0.873,0.212,0.32,0.136,-16.263,0.811,85.013,0.394,3
calm,0.863,0.639,0.308,0.833,0.0648,-12.329,0.0571,79.518,0.478,4
calm,0.535,0.823,0.283,0.892,0.0759,-7.274,0.341,156.48,0.639,4
calm,0.803,0.387,0.151,0.488,0.106,-7.376,0.0441,81.938,0.0386,4
calm,0.685,0.77,0.351,0.894,0.0894,-13.613,0.0438,90.007,0.711,4
calm,0.508,0.617,0.435,0.854,0.147,-11.203,0.131,146.169,0.305,4
calm,0.00687,0.785,0.682,0.0,0.634,-5.94,0.137,105.16,0.345,4
calm,0.109,0.74,0.329,0.888,0.139,-7.677,0.0469,172.08,0.511,4
calm,0.188,0.609,0.444,0.055,0.14,-13.601,0.107,76.033,0.357,4
calm,0.322,0.59,0.405,0.9,0.108,-11.315,0.0779,168.12,0.765,4
calm,0.775,0.496,0.199,0.882,0.346,-17.063,0.169,82.068,0.253,4
calm,0.139,0.552,0.915,0.949,0.146,-4.421,0.0616,160.02,0.126,4
calm,0.975,0.236,0.33,0.126,0.116,-10.085,0.0325,86.546,0.0827,4
calm,0.959,0.593,0.414,0.896,0.18,-12.527,0.0466,74.998,0.466,4
calm,0.748,0.787,0.411,0.777,0.0913,-7.161,0.044,87.992,0.294,4
calm,0.464,0.652,0.756,0.00014,0.169,-8.975,0.176,79.686,0.581,4
calm,0.00515,0.654,0.787,0.0,0.144,-4.999,0.0502,123.978,0.409,4
calm,0.649,0.734,0.144,0.769,0.105,-10.34,0.0426,74.972,0.175,4
calm,0.897,0.796,0.368,0.797,0.102,-10.397,0.615,159.918,0.791,3
calm,0.614,0.745,0.118,0.919,0.0998,-18.219,0.0588,81.98,0.0729,4
calm,0.762,0.534,0.186,0.932,0.113,-10.867,0.0304,67.985,0.0697,4
calm,0.455,0.687,0.515,0.897,0.373,-11.418,0.176,80.993,0.214,4
calm,0.242,0.69,0.394,0.823,0.147,-16.714,0.0477,160.014,0.276,4
calm,0.887,0.618,0.297,0.932,0.113,-10.112,0.176,85.299,0.522,4
calm,0.568,0.655,0.534,0.886,0.115,-12.993,0.0372,156.025,0.187,4
calm,0.955,0.461,0.154,0.933,0.0954,-17.3,0.035,119.204,0.04,4
calm,0.97,0.659,0.205,0.888,0.103,-20.425,0.121,76.909,0.672,4
calm,0.476,0.653,0.279,0.932,0.106,-13.593,0.0661,170.276,0.916,4
calm,0.97,0.661,0.416,0.878,0.0856,-10.504,0.755,78.031,0.374,4
calm,0.429,0.286,0.194,0.874,0.334,-19.185,0.0389,144.636,0.16,4
calm,0.537,0.547,0.491,0.821,0.159,-10.399,0.037,79.931,0.188,4
calm,0.775,0.709,0.314,0.75,0.174,-9.708,0.118,82.057,0.48,4
calm,0.564,0.618,0.49,0.393,0.0934,-10.225,0.0278,164.271,0.97,4
calm,0.612,0.66,0.502,0.862,0.119,-6.574,0.066,81.092,0.216,4
calm,0.26,0.899,0.38,0.728,0.13,-10.307,0.0594,129.961,0.477,4
calm,0.943,0.59,0.388,0.816,0.251,-9.197,0.0263,135.011,0.223,4
calm,0.729,0.886,0.481,0.889,0.129,-11.502,0.196,85.0,0.663,4
calm,0.513,0.76,0.227,0.935,0.0976,-17.174,0.0664,144.069,0.118,4
calm,0.0844,0.828,0.412,0.894,0.126,-14.672,0.128,110.054,0.19,4
calm,0.899,0.668,0.369,0.893,0.1,-8.879,0.073,142.683,0.545,3
calm,0.172,0.778,0.657,0.616,0.126,-5.02,0.037,82.988,0.555,4
calm,0.32,0.615,0.371,0.593,0.0626,-15.032,0.0356,127.979,0.217,4
calm,0.677,0.613,0.116,0.853,0.119,-12.181,0.0854,166.017,0.599,4
calm,0.858,0.46,0.427,0.894,0.11,-7.792,0.0506,79.947,0.134,4
calm,0.201,0.77,0.38,0.246,0.153,-9.615,0.101,81.072,0.52,4
calm,0.318,0.773,0.667,0.714,0.138,-7.606,0.119,87.005,0.7,4
calm,0.925,0.0,0.413,0.784,0.12,-12.842,0.0,0.0,0.0,0
calm,0.888,0.672,0.452,0.913,0.108,-9.667,0.0339,89.008,0.237,4
calm,0.725,0.552,0.387,0.776,0.189,-11.211,0.0808,78.799,0.596,4
calm,0.0928,0.936,0.359,0.936,0.0773,-14.671,0.331,139.986,0.821,4
calm,0.301,0.776,0.492,0.786,0.0739,-11.597,0.142,84.975,0.827,4
calm,0.717,0.684,0.328,0.82,0.105,-9.086,0.15,81.201,0.245,4
calm,0.784,0.801,0.167,0.696,0.188,-15.363,0.04,87.013,0.377,4
calm,0.299,0.706,0.777,0.0,0.298,-4.591,0.0567,126.008,0.638,4
calm,0.567,0.498,0.523,0.905,0.169,-14.956,0.26,76.591,0.556,4
calm,0.903,0.668,0.335,0.858,0.127,-9.932,0.123,80.188,0.181,4
calm,0.57,0.755,0.559,0.895,0.108,-9.4,0.098,91.909,0.202,4
calm,0.894,0.751,0.425,0.725,0.0976,-8.947,0.0466,75.128,0.778,4
calm,0.456,0.633,0.162,0.286,0.105,-13.259,0.348,83.71,0.499,4
calm,0.764,0.705,0.421,0.541,0.354,-19.874,0.545,91.988,0.692,4
calm,0.589,0.671,0.622,0.849,0.0999,-8.898,0.0401,181.953,0.522,4
calm,0.878,0.668,0.321,0.94,0.122,-11.569,0.109,90.025,0.0913,4
calm,0.584,0.715,0.257,0.809,0.641,-10.257,0.0822,81.988,0.597,4
calm,0.0395,0.727,0.34,0.831,0.128,-14.045,0.0651,146.341,0.6,4
calm,0.71,0.722,0.324,0.884,0.151,-10.933,0.045,73.512,0.755,4
calm,0.169,0.682,0.374,0.913,0.123,-14.828,0.0603,80.029,0.739,4
calm,0.0154,0.536,0.928,0.00134,0.2,-6.492,0.0589,136.258,0.389,4
calm,0.753,0.713,0.639,0.0,0.0878,-5.529,0.0313,125.959,0.737,4
calm,0.849,0.652,0.513,0.873,0.099,-8.326,0.0483,87.991,0.457,4
calm,0.89,0.816,0.34,0.894,0.266,-9.118,0.224,79.979,0.15,4
calm,0.3,0.639,0.403,0.771,0.0887,-9.79,0.22,179.919,0.389,4
calm,0.713,0.61,0.156,0.054,0.0616,-21.603,0.122,82.808,0.442,4
calm,0.186,0.835,0.453,0.229,0.139,-6.316,0.0543,92.999,0.601,4
calm,0.709,0.425,0.434,0.689,0.152,-12.337,0.0499,158.756,0.389,4
calm,0.887,0.752,0.303,0.846,0.108,-15.19,0.172,172.012,0.692,4
calm,0.877,0.774,0.261,0.925,0.108,-14.221,0.059,144.014,0.361,4
calm,0.228,0.842,0.29,0.904,0.114,-12.099,0.121,79.985,0.405,4
calm,0.518,0.785,0.205,0.902,0.107,-10.39,0.167,167.998,0.616,4
calm,0.569,0.587,0.567,0.105,0.315,-13.836,0.068,83.151,0.475,4
calm,0.128,0.73,0.781,0.948,0.0794,-6.532,0.0875,92.037,0.694,4
calm,0.777,0.74,0.486,0.352,0.126,-10.606,0.354,137.825,0.664,4
calm,0.379,0.611,0.284,0.819,0.309,-12.948,0.0463,153.957,0.292,4
calm,0.676,0.768,0.338,0.915,0.17,-13.569,0.106,83.016,0.774,4
calm,0.972,0.651,0.233,0.887,0.0709,-15.805,0.458,84.951,0.575,4
calm,0.919,0.689,0.274,0.937,0.135,-15.924,0.0871,79.979,0.795,3
calm,0.0584,0.676,0.366,0.794,0.117,-10.606,0.0299,84.994,0.525,4
calm,0.887,0.86,0.0852,0.964,0.126,-18.983,0.139,81.086,0.907,4
calm,0.312,0.78,0.462,0.919,0.0759,-10.487,0.0566,150.007,0.748,4
calm,0.233,0.62,0.757,0.521,0.125,-8.699,0.0398,136.048,0.499,4
calm,0.743,0.763,0.233,0.86,0.0991,-15.471,0.132,169.944,0.296,4
calm,0.205,0.771,0.333,0.685,0.123,-10.656,0.133,86.032,0.266,4
calm,0.0946,0.746,0.25,0.849,0.0649,-12.403,0.0492,75.115,0.375,4
calm,0.637,0.82,0.139,0.776,0.101,-10.941,0.362,74.993,0.658,4
calm,0.38,0.528,0.289,0.76,0.144,-13.909,0.422,81.059,0.403,1
calm,0.642,0.688,0.239,0.277,0.0899,-13.883,0.0779,84.126,0.207,4
calm,0.795,0.628,0.438,0.945,0.297,-9.836,0.134,82.014,0.195,4
calm,0.599,0.773,0.211,0.238,0.085,-12.457,0.0992,86.1,0.273,4
calm,0.537,0.722,0.344,0.952,0.134,-12.63,0.0654,140.047,0.404,4
calm,0.985,0.648,0.177,0.000353,0.134,-13.474,0.0311,99.101,0.236,3
calm,0.874,0.773,0.223,0.927,0.111,-14.852,0.0798,91.988,0.713,4
calm,0.521,0.843,0.123,0.0518,0.105,-10.587,0.152,82.014,0.499,4
calm,0.712,0.718,0.297,0.891,0.119,-10.008,0.0419,70.0,0.263,4
calm,0.886,0.673,0.424,0.362,0.112,-14.124,0.0506,75.035,0.711,4
calm,0.206,0.634,0.597,0.91,0.146,-13.927,0.441,139.369,0.794,3
calm,0.928,0.441,0.397,0.924,0.229,-14.316,0.262,83.568,0.489,4
calm,0.481,0.738,0.237,0.598,0.205,-13.576,0.0365,78.124,0.67,4
calm,0.00412,0.842,0.652,0.764,0.341,-4.479,0.0376,89.991,0.59,4
calm,0.736,0.723,0.204,0.843,0.104,-19.517,0.146,85.026,0.521,4
calm,0.133,0.475,0.31,0.738,0.17,-15.22,0.241,76.084,0.646,4
calm,0.68,0.582,0.0415,0.957,0.112,-19.063,0.113,79.999,0.323,4
calm,0.977,0.549,0.242,0.629,0.11,-16.813,0.05,84.999,0.0466,4
calm,0.91,0.776,0.162,0.889,0.102,-10.668,0.0377,83.021,0.366,4
calm,0.231,0.583,0.12,0.779,0.142,-11.749,0.0489,140.037,0.19,4
calm,0.1,0.902,0.487,0.914,0.153,-6.914,0.0818,137.837,0.645,4
calm,0.94,0.857,0.199,0.917,0.11,-12.926,0.258,80.001,0.15,1
calm,0.545,0.865,0.181,0.773,0.0864,-13.705,0.0737,85.038,0.377,4
calm,0.349,0.751,0.173,0.678,0.0684,-13.138,0.0402,80.02,0.354,3
calm,0.653,0.807,0.298,0.907,0.918,-12.322,0.102,156.003,0.537,4
calm,0.02,0.657,0.666,0.00147,0.107,-10.453,0.241,90.005,0.587,4
calm,0.684,0.61,0.445,0.166,0.208,-7.836,0.0989,81.995,0.26,4
calm,0.599,0.715,0.297,0.845,0.106,-14.204,0.141,156.041,0.274,3
calm,0.952,0.51,0.177,0.841,0.0991,-21.028,0.251,47.923,0.537,5
calm,0.0547,0.557,0.153,0.975,0.1,-11.854,0.0497,85.0,0.162,4
calm,0.792,0.601,0.232,0.332,0.0878,-10.277,0.0401,85.009,0.112,4
calm,0.831,0.606,0.48,0.12,0.106,-11.283,0.0614,93.032,0.078,4
calm,0.813,0.628,0.228,0.368,0.109,-8.002,0.0391,79.994,0.0477,4
calm,0.0104,0.515,0.719,0.94,0.136,-8.074,0.0313,79.28,0.886,4
calm,0.304,0.7,0.449,0.668,0.0934,-8.688,0.107,178.116,0.42,4
calm,0.629,0.667,0.414,0.0328,0.11,-12.062,0.305,94.055,0.243,4
calm,0.595,0.784,0.249,0.881,0.182,-13.422,0.0864,79.97,0.151,4
calm,0.125,0.83,0.235,0.097,0.0776,-17.037,0.489,124.116,0.428,4
calm,0.828,0.706,0.289,0.936,0.121,-15.089,0.0582,154.172,0.683,4
calm,0.746,0.722,0.466,1.21e-06,0.151,-10.81,0.435,87.999,0.33,4
calm,0.709,0.662,0.179,0.84,0.0949,-14.552,0.172,68.148,0.477,4
calm,0.351,0.648,0.54,0.759,0.0951,-7.129,0.0539,154.021,0.249,4
calm,0.718,0.703,0.13,0.34,0.101,-19.086,0.0538,80.014,0.0624,4
calm,0.392,0.71,0.167,0.337,0.0994,-17.133,0.0828,69.003,0.413,4
calm,0.0236,0.716,0.426,0.898,0.11,-9.911,0.0503,90.966,0.553,4
calm,0.467,0.574,0.434,0.705,0.105,-11.107,0.0926,150.148,0.248,4
calm,0.858,0.637,0.186,0.885,0.0986,-16.321,0.0351,76.991,0.0925,4
calm,0.185,0.666,0.15,0.844,0.0831,-11.735,0.0628,87.05,0.247,4
calm,0.968,0.595,0.326,0.951,0.0926,-14.338,0.0321,79.948,0.0933,4
calm,0.69,0.619,0.561,0.92,0.0887,-9.699,0.0531,80.133,0.0384,4
calm,0.911,0.77,0.452,0.731,0.11,-5.335,0.0861,89.118,0.211,4
calm,0.259,0.729,0.504,0.967,0.0621,-9.975,0.0423,188.013,0.926,4
calm,0.811,0.732,0.309,0.648,0.0975,-12.837,0.0416,84.998,0.125,4
calm,0.734,0.505,0.379,0.411,0.142,-13.919,0.199,162.243,0.558,3
calm,0.00291,0.648,0.294,0.899,0.0799,-7.381,0.0502,159.865,0.271,4
calm,0.573,0.603,0.45,0.844,0.13,-11.098,0.0355,94.996,0.322,4
calm,0.834,0.444,0.277,0.949,0.11,-18.382,0.204,170.085,0.366,4
calm,0.677,0.531,0.23,0.932,0.372,-10.453,0.0375,72.0,0.304,4
calm,0.0564,0.849,0.381,0.746,0.0896,-6.981,0.0643,87.116,0.591,4
calm,0.321,0.551,0.468,0.452,0.288,-11.611,0.41,76.247,0.375,4
calm,0.915,0.743,0.192,0.847,0.193,-22.255,0.418,85.015,0.399,4
calm,0.328,0.497,0.582,0.923,0.108,-5.581,0.339,171.891,0.452,4
calm,0.843,0.746,0.314,0.927,0.0814,-11.632,0.0518,85.038,0.334,4
calm,0.898,0.659,0.246,0.774,0.363,-18.875,0.0534,120.002,0.147,4
calm,0.777,0.379,0.146,0.966,0.129,-19.504,0.0511,120.147,0.0882,4
calm,0.72,0.727,0.366,0.902,0.109,-7.864,0.158,173.918,0.545,4
calm,0.862,0.784,0.152,0.958,0.0942,-15.078,0.0716,84.008,0.584,3
calm,0.745,0.547,0.371,0.936,0.151,-10.42,0.0586,131.066,0.801,4
calm,0.419,0.528,0.378,0.866,0.0974,-11.257,0.722,159.45,0.425,4
calm,0.543,0.541,0.2,0.879,0.0922,-14.42,0.118,173.943,0.23,4
calm,0.261,0.6,0.219,0.109,0.134,-14.261,0.286,91.313,0.311,4
calm,0.762,0.693,0.501,0.891,0.111,-8.029,0.112,90.01,0.284,4
calm,0.898,0.63,0.141,0.947,0.111,-14.312,0.0423,81.908,0.777,4
calm,0.383,0.663,0.712,0.216,0.16,-3.782,0.0593,79.993,0.566,4
calm,0.532,0.536,0.185,0.701,0.124,-12.858,0.444,152.146,0.679,4
calm,0.61,0.586,0.377,0.87,0.101,-9.75,0.0436,159.917,0.161,4
calm,0.499,0.705,0.205,0.885,0.148,-13.291,0.0527,85.014,0.461,4
calm,0.8,0.685,0.172,0.928,0.137,-13.917,0.0651,78.979,0.237,4
calm,0.693,0.34,0.767,0.0688,0.222,-6.598,0.0417,164.814,0.064,4
calm,0.716,0.62,0.432,0.351,0.196,-8.984,0.154,91.115,0.668,4
calm,0.753,0.647,0.224,0.883,0.111,-18.37,0.0732,79.968,0.495,4
calm,0.0644,0.812,0.311,0.792,0.0998,-14.033,0.164,140.158,0.829,4
calm,0.283,0.682,0.147,0.0192,0.133,-15.461,0.311,85.038,0.296,4
calm,0.813,0.547,0.376,0.868,0.155,-9.531,0.0412,140.674,0.466,4
calm,0.636,0.779,0.34,0.135,0.26,-11.594,0.0721,82.003,0.228,4
calm,0.763,0.646,0.559,0.789,0.673,-7.784,0.108,180.058,0.272,4
calm,0.82,0.743,0.31,0.0307,0.312,-15.428,0.121,81.98,0.43,4
calm,0.316,0.335,0.277,0.879,0.125,-16.849,0.0315,95.829,0.406,3
calm,0.395,0.869,0.55,0.902,0.0906,-13.357,0.0685,82.064,0.333,4
calm,0.822,0.724,0.24,0.415,0.115,-13.317,0.275,173.945,0.461,4
calm,0.0447,0.679,0.464,0.86,0.128,-8.174,0.0792,85.996,0.394,4
calm,0.0184,0.887,0.161,0.845,0.0765,-12.325,0.442,159.977,0.0833,4
calm,0.936,0.625,0.456,0.0226,0.105,-8.622,0.118,143.552,0.0694,4
calm,0.965,0.706,0.269,0.868,0.14,-15.653,0.0459,133.992,0.22,4
calm,0.372,0.592,0.44,0.915,0.122,-11.063,0.107,148.031,0.454,4
calm,0.412,0.871,0.356,0.957,0.112,-13.809,0.25,149.921,0.917,4
calm,0.913,0.709,0.202,0.0733,0.114,-15.316,0.142,74.172,0.309,4
calm,0.554,0.628,0.327,0.917,0.129,-14.961,0.0488,79.986,0.374,4
calm,0.228,0.929,0.343,0.861,0.0602,-12.435,0.0512,120.013,0.755,4
calm,0.532,0.546,0.288,0.805,0.182,-18.567,0.0318,158.246,0.354,4
calm,0.745,0.665,0.236,0.209,0.0885,-12.876,0.171,179.961,0.0948,4
calm,0.737,0.734,0.332,0.902,0.0899,-16.253,0.102,80.0,0.26,4
calm,0.712,0.724,0.575,0.911,0.116,-9.902,0.0491,90.04,0.313,4
calm,0.828,0.519,0.13,0.922,0.12,-13.054,0.0678,88.984,0.405,4
calm,0.0894,0.823,0.613,0.881,0.0956,-11.892,0.159,160.067,0.558,4
calm,0.961,0.683,0.0406,0.962,0.0991,-13.429,0.0944,85.0,0.652,4
calm,0.442,0.718,0.401,0.927,0.11,-5.33,0.0599,140.071,0.221,4
calm,0.32,0.615,0.371,0.593,0.0626,-15.032,0.0356,127.979,0.217,4
calm,0.94,0.617,0.493,0.854,0.116,-6.569,0.043,75.691,0.369,3
calm,0.919,0.385,0.482,0.921,0.101,-12.489,0.311,204.078,0.272,4
calm,0.133,0.548,0.492,0.749,0.0866,-10.827,0.0302,82.118,0.172,4
calm,0.695,0.614,0.279,0.808,0.0991,-14.6,0.046,88.968,0.498,4
calm,0.978,0.782,0.336,0.0677,0.116,-17.41,0.814,78.033,0.663,4
calm,0.945,0.753,0.189,0.839,0.112,-14.082,0.359,84.987,0.66,4
calm,0.0938,0.715,0.385,0.809,0.341,-8.719,0.0925,82.044,0.632,4
calm,0.829,0.823,0.43,0.96,0.125,-10.613,0.0612,168.009,0.762,4
calm,0.975,0.628,0.226,0.868,0.291,-15.684,0.0324,148.052,0.243,4
calm,0.838,0.742,0.445,0.936,0.11,-12.866,0.0989,160.06,0.613,4
calm,0.676,0.736,0.475,0.854,0.433,-15.353,0.0497,111.993,0.295,4
calm,0.963,0.809,0.304,0.898,0.108,-12.764,0.218,79.971,0.527,4
calm,0.587,0.85,0.31,0.906,0.103,-7.152,0.115,140.038,0.677,4
calm,0.735,0.765,0.143,0.8,0.0888,-15.858,0.0576,142.056,0.147,4
calm,0.722,0.713,0.612,0.598,0.137,-7.739,0.195,79.013,0.464,4
calm,0.989,0.357,0.166,0.91,0.116,-17.455,0.0368,70.886,0.48,4
calm,0.849,0.727,0.278,0.412,0.235,-18.594,0.0458,90.631,0.668,4
calm,0.117,0.621,0.352,0.822,0.111,-11.973,0.0637,135.548,0.273,3
calm,0.563,0.81,0.143,0.92,0.113,-11.052,0.137,167.921,0.442,4
calm,0.449,0.643,0.318,0.785,0.595,-11.364,0.253,79.095,0.591,4
calm,0.868,0.772,0.325,0.884,0.085,-8.221,0.147,86.008,0.373,4
calm,0.476,0.717,0.108,0.127,0.0923,-21.876,0.0328,86.005,0.463,4
calm,0.644,0.639,0.188,0.243,0.147,-13.937,0.241,81.995,0.383,4
calm,0.945,0.516,0.185,0.945,0.111,-12.656,0.0406,112.481,0.174,3
calm,0.295,0.823,0.488,0.531,0.0621,-9.302,0.232,88.005,0.137,4
calm,0.711,0.8,0.235,0.833,0.147,-12.056,0.334,150.078,0.431,4
calm,0.671,0.862,0.269,0.704,0.11,-13.162,0.252,154.044,0.252,4
calm,0.624,0.79,0.0984,0.784,0.117,-13.783,0.207,83.19,0.811,4
calm,0.13,0.571,0.601,0.813,0.109,-7.802,0.0646,152.017,0.0369,4
calm,0.268,0.829,0.9,0.689,0.131,-6.575,0.238,93.764,0.684,4
calm,0.789,0.719,0.198,0.812,0.374,-12.174,0.0811,147.992,0.587,4
calm,0.973,0.421,0.192,0.000111,0.0948,-11.996,0.0315,140.963,0.256,4
calm,0.841,0.713,0.452,0.0038,0.105,-9.638,0.0295,102.963,0.235,4
calm,0.841,0.713,0.452,0.0038,0.105,-9.638,0.0295,102.963,0.235,4
calm,0.584,0.565,0.298,0.000246,0.118,-9.932,0.0263,110.247,0.192,4
calm,0.929,0.353,0.239,0.589,0.0681,-16.256,0.036,106.79,0.299,3
calm,0.691,0.64,0.442,0.0,0.0883,-9.025,0.0501,80.013,0.277,4
calm,0.592,0.409,0.482,0.00448,0.078,-9.917,0.0269,78.987,0.335,4
calm,0.837,0.561,0.299,0.000143,0.357,-11.392,0.0315,123.92,0.107,4
calm,0.884,0.629,0.306,0.0776,0.124,-11.735,0.0424,76.994,0.191,1
calm,0.884,0.629,0.306,0.0776,0.124,-11.735,0.0424,76.994,0.191,1
calm,0.639,0.754,0.448,7.03e-05,0.315,-9.52,0.0385,120.115,0.191,4
calm,0.844,0.241,0.269,0.0,0.101,-9.865,0.0302,93.361,0.284,1
calm,0.768,0.429,0.371,0.00181,0.119,-11.803,0.0351,129.842,0.305,4
calm,0.884,0.459,0.179,8.78e-05,0.226,-13.664,0.0343,79.964,0.229,1
calm,0.337,0.693,0.523,0.038,0.359,-9.552,0.034,84.988,0.446,3
calm,0.823,0.407,0.311,0.00351,0.136,-12.197,0.0284,80.314,0.265,4
calm,0.858,0.533,0.367,0.00803,0.0836,-11.208,0.0521,73.946,0.29,4
calm,0.628,0.579,0.573,0.0,0.126,-10.018,0.0451,144.097,0.368,4
calm,0.918,0.784,0.278,0.000196,0.112,-10.745,0.041,105.034,0.741,4
calm,0.648,0.33,0.338,0.0,0.36,-7.778,0.0289,134.173,0.0919,3
calm,0.83,0.447,0.34,0.0184,0.109,-12.344,0.0298,87.87,0.262,4
calm,0.487,0.462,0.448,2.51e-05,0.133,-6.093,0.0268,163.218,0.446,3
calm,0.868,0.371,0.256,0.00507,0.112,-16.7,0.227,195.674,0.171,4
calm,0.826,0.602,0.139,0.000155,0.116,-15.653,0.037,62.033,0.179,4
calm,0.847,0.706,0.282,0.0,0.0904,-10.548,0.0469,87.064,0.689,4
calm,0.862,0.534,0.348,0.00322,0.103,-11.901,0.0276,143.84,0.232,4
calm,0.547,0.63,0.556,0.000751,0.0989,-7.206,0.0397,169.995,0.344,4
calm,0.479,0.592,0.401,3.42e-05,0.128,-12.386,0.0328,136.476,0.194,4
calm,0.962,0.532,0.146,0.206,0.115,-16.49,0.0346,134.891,0.23,4
calm,0.943,0.676,0.198,0.0132,0.104,-13.91,0.0333,118.004,0.125,4
calm,0.908,0.392,0.102,0.013,0.111,-15.273,0.0308,128.253,0.118,4
calm,0.664,0.642,0.332,8.28e-05,0.0847,-11.23,0.0348,130.153,0.325,4
calm,0.333,0.646,0.52,0.293,0.109,-8.709,0.0317,110.976,0.301,4
calm,0.83,0.825,0.324,9.49e-05,0.115,-11.399,0.032,97.019,0.553,4
calm,0.659,0.617,0.532,0.000262,0.109,-12.23,0.056,97.911,0.485,4
calm,0.623,0.368,0.606,0.175,0.125,-10.748,0.0567,180.006,0.316,3
calm,0.892,0.613,0.36,0.293,0.381,-12.49,0.062,77.983,0.445,4
calm,0.832,0.586,0.254,0.00846,0.105,-15.151,0.0339,108.008,0.0733,4
calm,0.356,0.508,0.44,0.829,0.103,-8.975,0.0429,169.489,0.416,4
calm,0.775,0.443,0.295,9.51e-06,0.163,-10.541,0.0279,79.393,0.186,4
calm,0.389,0.683,0.461,0.000642,0.125,-9.901,0.0321,121.057,0.487,4
calm,0.836,0.593,0.451,0.0,0.0813,-9.166,0.0367,78.009,0.589,4
calm,0.696,0.545,0.246,0.00463,0.136,-11.65,0.0302,110.1,0.0986,4
calm,0.422,0.379,0.544,0.0,0.0953,-7.428,0.0364,129.941,0.411,4
calm,0.613,0.667,0.494,0.00248,0.0589,-11.286,0.0283,100.111,0.411,4
calm,0.0376,0.763,0.857,1.2e-05,0.158,-5.271,0.0844,107.978,0.318,4
calm,0.548,0.396,0.436,0.0816,0.0888,-11.28,0.0268,90.953,0.0967,4
calm,0.86,0.567,0.434,0.257,0.115,-12.755,0.0349,82.459,0.254,4
calm,0.76,0.589,0.37,0.0473,0.113,-10.611,0.0324,87.993,0.328,4
calm,0.459,0.711,0.747,0.0,0.0957,-6.335,0.0523,136.0,0.852,4
calm,0.953,0.471,0.229,0.0,0.0909,-6.504,0.0358,68.41,0.358,3
calm,0.806,0.53,0.37,0.0,0.112,-9.989,0.0279,140.061,0.701,4
calm,0.78,0.627,0.575,0.0,0.336,-7.38,0.232,78.546,0.494,4
calm,0.947,0.528,0.473,0.0177,0.15,-11.117,0.11,78.981,0.273,4
calm,0.138,0.768,0.545,0.0,0.134,-8.678,0.0443,130.03,0.389,4
calm,0.815,0.559,0.477,6.12e-06,0.138,-7.872,0.0387,84.963,0.341,4
calm,0.305,0.692,0.431,1.39e-05,0.132,-11.884,0.0335,138.925,0.327,4
calm,0.492,0.823,0.303,0.0613,0.0723,-9.936,0.0701,138.014,0.885,4
calm,0.384,0.965,0.286,0.0,0.178,-11.418,0.0535,119.973,0.807,4
calm,0.0703,0.786,0.6,0.0,0.37,-7.281,0.0536,124.104,0.421,4
calm,0.141,0.639,0.445,6.23e-06,0.127,-8.309,0.0434,130.08,0.18,4
calm,0.519,0.362,0.534,1.02e-06,0.332,-8.38,0.0468,94.742,0.547,4
calm,0.485,0.522,0.446,0.00475,0.185,-10.018,0.0265,95.75,0.51,4
calm,0.457,0.565,0.612,4.89e-05,0.0823,-9.167,0.163,171.876,0.522,4
calm,0.812,0.837,0.283,0.00222,0.104,-6.886,0.0637,89.97,0.791,4
calm,0.595,0.589,0.364,0.0,0.334,-8.079,0.0419,104.991,0.21,4
calm,0.585,0.679,0.61,9.51e-05,0.156,-10.936,0.0305,123.978,0.554,4
calm,0.579,0.824,0.356,3.68e-06,0.134,-9.299,0.063,89.98,0.583,4
calm,0.708,0.548,0.341,0.0,0.121,-11.667,0.397,71.573,0.34,4
calm,0.237,0.754,0.706,3.46e-05,0.097,-6.145,0.0923,81.943,0.536,4
calm,0.721,0.585,0.436,1.31e-05,0.105,-8.761,0.0601,143.874,0.132,4
calm,0.951,0.645,0.327,0.0,0.212,-11.015,0.0567,95.004,0.455,4
calm,0.418,0.706,0.604,0.0,0.242,-6.932,0.303,82.03,0.361,4
calm,0.274,0.698,0.466,0.0106,0.262,-8.86,0.045,78.014,0.361,4
calm,0.346,0.518,0.683,0.0,0.311,-5.295,0.0364,141.971,0.304,4
calm,0.238,0.645,0.357,0.000466,0.157,-9.363,0.115,135.02,0.379,4
calm,0.835,0.847,0.254,1.98e-05,0.527,-13.551,0.0667,117.987,0.381,4
calm,0.491,0.78,0.389,0.00242,0.0699,-8.877,0.0776,121.919,0.188,3
calm,0.49,0.664,0.497,0.0,0.132,-10.275,0.0323,127.994,0.655,4
calm,0.733,0.52,0.204,2.53e-05,0.126,-12.488,0.0355,79.682,0.274,4
calm,0.724,0.584,0.44,0.17,0.211,-8.631,0.0323,96.097,0.158,4
calm,0.566,0.438,0.315,0.0,0.606,-10.941,0.044,156.031,0.151,4
calm,0.902,0.704,0.225,0.657,0.106,-14.454,0.0994,120.006,0.243,4
calm,0.675,0.685,0.46,1.25e-05,0.357,-7.809,0.224,96.876,0.596,3
calm,0.571,0.417,0.257,0.0,0.124,-14.261,0.0421,69.158,0.282,4
calm,0.81,0.753,0.432,0.00141,0.117,-14.786,0.256,109.929,0.0834,4
calm,0.584,0.357,0.425,0.0,0.322,-7.301,0.0333,102.078,0.27,3
calm,0.584,0.357,0.425,0.0,0.322,-7.301,0.0333,102.078,0.27,3
calm,0.64,0.8,0.402,0.000272,0.0741,-12.188,0.0807,141.981,0.501,4
calm,0.0686,0.674,0.774,0.00188,0.393,-7.567,0.0892,112.05,0.33,4
calm,0.768,0.629,0.328,2.5e-05,0.103,-8.284,0.029,74.953,0.389,4
calm,0.768,0.629,0.328,2.5e-05,0.103,-8.284,0.029,74.953,0.389,4
calm,0.702,0.333,0.332,4.87e-05,0.164,-9.389,0.032,136.854,0.111,4
calm,0.734,0.852,0.61,5.97e-06,0.111,-5.856,0.049,117.99,0.713,4
calm,0.48,0.733,0.356,0.0608,0.0956,-8.08,0.0473,75.983,0.538,4
calm,0.623,0.606,0.406,2.97e-05,0.162,-9.689,0.034,87.025,0.136,4
calm,0.26,0.736,0.414,2.12e-05,0.102,-7.934,0.0514,72.487,0.475,4
calm,0.0655,0.868,0.53,0.000326,0.0928,-8.284,0.0464,108.988,0.791,4
calm,0.672,0.652,0.543,2.07e-06,0.112,-6.503,0.0264,99.041,0.262,4
calm,0.463,0.521,0.347,0.0,0.091,-12.716,0.164,123.996,0.198,4
calm,0.112,0.701,0.396,0.0209,0.223,-10.182,0.119,129.004,0.115,4
happy,0.641,0.482,0.849,7.74e-06,0.0414,-9.198,0.0452,124.631,0.937,4
happy,0.261,0.547,0.82,0.0,0.3,-6.728,0.0805,118.208,0.933,4
happy,0.0102,0.551,0.821,0.0438,0.153,-4.489,0.0539,174.923,0.842,4
happy,0.0175,0.566,0.876,0.0114,0.677,-4.6,0.187,156.291,0.642,4
happy,0.00966,0.853,0.681,5.71e-05,0.0233,-5.003,0.0888,114.989,0.93,4
happy,0.139,0.679,0.79,0.00669,0.165,-6.934,0.059,131.177,0.369,4
happy,0.122,0.548,0.816,0.0,0.335,-4.209,0.0465,95.39,0.557,4
happy,0.0644,0.715,0.97,0.000156,0.205,-2.206,0.0648,79.504,0.963,4
happy,0.232,0.818,0.783,0.00886,0.0803,-6.534,0.0444,99.992,0.819,4
happy,0.144,0.586,0.651,0.0,0.489,-10.16,0.048,81.397,0.901,4
happy,0.0881,0.692,0.832,0.0674,0.183,-4.414,0.0291,112.007,0.858,4
happy,0.0412,0.874,0.692,7.24e-05,0.324,-5.28,0.0431,116.017,0.937,4
happy,0.0466,0.843,0.656,0.0187,0.169,-11.184,0.0595,121.112,0.931,4
happy,0.132,0.694,0.712,0.0,0.211,-3.923,0.046,98.023,0.799,4
happy,0.00113,0.351,0.928,0.0,0.0988,-3.71,0.0759,148.03,0.239,4
happy,0.0841,0.631,0.924,3.59e-06,0.084,-5.589,0.146,100.045,0.755,4
happy,0.75,0.833,0.323,0.0111,0.137,-6.3,0.0982,93.031,0.678,4
happy,0.0116,0.596,0.869,0.173,0.0678,-11.97,0.037,109.902,0.944,4
happy,0.183,0.878,0.525,0.0,0.0714,-6.832,0.0578,112.022,0.694,4
happy,0.147,0.341,0.894,0.0,0.0741,-6.66,0.0765,174.982,0.672,4
happy,0.414,0.806,0.467,0.00304,0.0881,-11.021,0.12,101.048,0.565,4
happy,0.0123,0.793,0.793,0.0,0.0951,-4.521,0.083,123.95,0.679,4
happy,0.331,0.598,0.531,1.51e-06,0.0938,-7.484,0.0954,70.469,0.696,3
happy,0.0476,0.811,0.879,1.91e-06,0.109,-3.724,0.0514,134.064,0.962,4
happy,0.439,0.741,0.711,0.0,0.116,-9.359,0.126,74.989,0.801,4
happy,0.881,0.681,0.163,7.62e-05,0.0688,-22.597,0.165,69.283,0.771,4
happy,0.0462,0.544,0.847,0.0,0.336,-4.794,0.0385,97.974,0.168,4
happy,0.401,0.896,0.704,0.132,0.0884,-12.148,0.0402,128.685,0.98,4
happy,0.00174,0.771,0.616,5.41e-05,0.117,-6.851,0.0416,106.013,0.336,4
happy,0.0209,0.466,0.801,0.0,0.241,-5.175,0.0354,103.197,0.379,4
happy,0.128,0.653,0.869,2.2e-05,0.046,-3.725,0.0382,122.017,0.697,4
happy,0.00361,0.491,0.87,0.126,0.184,-5.99,0.0308,124.444,0.814,4
happy,0.692,0.824,0.588,0.000104,0.149,-6.4,0.0924,98.027,0.513,4
happy,0.0126,0.548,0.632,4.95e-06,0.0769,-5.569,0.145,113.682,0.535,4
happy,0.18,0.525,0.686,2.66e-06,0.274,-8.879,0.0325,193.667,0.91,4
happy,0.0392,0.654,0.791,0.0,0.321,-6.243,0.048,133.042,0.603,4
happy,0.00224,0.429,0.859,0.893,0.117,-4.75,0.0479,127.917,0.374,4
happy,0.217,0.675,0.885,0.0,0.086,-4.432,0.0436,97.03,0.768,4
happy,0.0642,0.893,0.745,0.0,0.0943,-3.105,0.0571,101.018,0.872,4
happy,0.00131,0.965,0.857,0.0,0.0726,-8.458,0.17,127.656,0.951,4
happy,0.00828,0.693,0.754,0.0198,0.445,-7.57,0.0309,123.98,0.432,4
happy,0.0231,0.689,0.887,0.0,0.275,-4.27,0.0424,142.014,0.937,4
happy,0.431,0.484,0.731,0.0,0.151,-6.694,0.0379,101.654,0.51,4
happy,0.0832,0.742,0.838,0.0,0.418,-6.442,0.11,113.373,0.848,4
happy,2.64e-05,0.434,0.958,0.000245,0.101,-3.558,0.0543,145.063,0.746,4
happy,0.0842,0.618,0.837,0.0,0.344,-5.574,0.115,168.114,0.8,4
happy,0.0166,0.642,0.855,0.193,0.27,-3.194,0.0913,136.062,0.623,4
happy,0.0426,0.794,0.811,1.07e-06,0.101,-8.966,0.038,116.047,0.862,4
happy,0.0417,0.801,0.795,0.000113,0.0717,-5.115,0.0504,79.028,0.754,4
happy,0.0733,0.638,0.85,0.0122,0.0867,-4.251,0.0524,100.015,0.545,4
happy,0.0499,0.556,0.929,1.7e-06,0.0931,-3.659,0.037,137.996,0.842,4
happy,0.00892,0.613,0.923,0.0,0.149,-5.234,0.0691,96.043,0.669,4
happy,0.416,0.461,0.936,0.000135,0.136,-6.824,0.104,172.43,0.811,4
happy,0.147,0.686,0.497,8.24e-06,0.107,-6.508,0.0626,150.096,0.741,4
happy,0.314,0.635,0.672,5.03e-06,0.0688,-6.788,0.0637,166.903,0.895,4
happy,0.0104,0.532,0.831,0.000183,0.0801,-4.359,0.0456,93.948,0.764,4
happy,0.0271,0.676,0.824,0.0152,0.363,-5.752,0.0449,122.221,0.696,4
happy,0.0763,0.466,0.634,0.0,0.0678,-5.3,0.0289,128.992,0.324,4
happy,0.371,0.363,0.355,7.43e-05,0.0814,-9.877,0.0457,180.364,0.19,4
happy,0.793,0.899,0.79,0.155,0.111,-3.651,0.104,107.985,0.92,4
happy,0.448,0.559,0.752,0.00061,0.0907,-10.046,0.0581,187.712,0.946,4
happy,0.134,0.636,0.881,0.00952,0.074,-5.376,0.0758,118.237,0.845,4
happy,0.00205,0.638,0.924,0.000175,0.149,-3.887,0.036,111.995,0.53,4
happy,5.12e-06,0.323,0.847,0.0208,0.25,-4.716,0.0348,173.914,0.859,4
happy,0.088,0.647,0.868,0.124,0.129,-6.427,0.106,121.82,0.804,4
happy,0.0525,0.673,0.901,0.000535,0.0736,-2.379,0.0348,100.002,0.503,4
happy,0.652,0.516,0.684,0.0,0.685,-5.659,0.0797,161.167,0.84,4
happy,0.784,0.801,0.167,0.696,0.188,-15.363,0.04,87.013,0.377,4
happy,0.299,0.706,0.777,0.0,0.298,-4.591,0.0567,126.008,0.638,4
happy,0.151,0.851,0.551,0.0,0.0827,-5.177,0.0396,131.922,0.807,4
happy,0.000178,0.516,0.805,0.00135,0.413,-8.017,0.0311,136.67,0.72,4
happy,0.0736,0.696,0.943,0.0,0.653,-2.962,0.0431,129.003,0.833,4
happy,0.0288,0.594,0.83,0.0215,0.261,-5.727,0.0632,117.973,0.69,4
happy,0.0211,0.936,0.414,0.453,0.11,-8.942,0.0791,107.438,0.899,4
happy,0.0237,0.745,0.713,0.00105,0.215,-6.668,0.0633,109.997,0.755,4
happy,0.0668,0.607,0.924,0.0,0.117,-5.684,0.0703,134.975,0.778,4
happy,0.00126,0.526,0.763,6.75e-05,0.359,-12.663,0.0341,136.205,0.514,4
happy,0.00183,0.611,0.948,0.0995,0.0969,-3.751,0.0753,133.004,0.79,4
happy,0.00402,0.445,0.872,0.00909,0.047,-6.294,0.0602,162.407,0.834,4
happy,0.0871,0.794,0.628,0.0,0.181,-4.321,0.0328,121.793,0.935,4
happy,0.0491,0.511,0.815,0.0,0.0826,-3.14,0.144,154.514,0.586,4
happy,0.00209,0.818,0.688,0.0541,0.282,-7.083,0.0379,122.983,0.971,4
happy,5.65e-05,0.462,0.813,0.00352,0.227,-4.562,0.0327,129.99,0.595,4
happy,0.00227,0.464,0.895,0.00394,0.13,-7.683,0.031,91.905,0.932,4
happy,0.225,0.587,0.767,0.0,0.112,-5.713,0.0449,100.38,0.664,4
happy,0.0346,0.704,0.631,0.0,0.159,-12.299,0.0398,123.286,0.793,4
happy,0.0171,0.58,0.981,1.07e-05,0.386,-2.603,0.06,134.007,0.861,4
happy,0.0273,0.629,0.905,0.199,0.0644,-4.745,0.0378,122.448,0.967,4
happy,0.2,0.621,0.915,0.00332,0.0964,-5.224,0.0411,130.013,0.818,4
happy,0.656,0.55,0.868,0.0,0.136,-5.472,0.0361,158.563,0.962,4
happy,0.0079,0.507,0.599,0.0,0.0909,-7.074,0.0934,89.932,0.516,4
happy,0.757,0.757,0.647,3.08e-06,0.0972,-10.264,0.0299,122.771,0.97,4
happy,0.028,0.646,0.85,7.21e-05,0.281,-5.145,0.043,116.999,0.518,4
happy,0.118,0.426,0.76,0.0,0.325,-4.082,0.0414,171.838,0.955,4
happy,0.013,0.7,0.903,0.0,0.194,-5.811,0.097,159.95,0.96,4
happy,0.13,0.699,0.641,0.000218,0.0601,-7.564,0.0289,120.745,0.728,4
happy,0.415,0.405,0.728,0.0,0.0777,-4.76,0.0433,188.701,0.342,4
happy,0.169,0.682,0.374,0.913,0.123,-14.828,0.0603,80.029,0.739,4
happy,0.0154,0.536,0.928,0.00134,0.2,-6.492,0.0589,136.258,0.389,4
happy,0.0349,0.635,0.786,0.00767,0.497,-6.46,0.0377,97.54,0.305,4
happy,0.0528,0.639,0.845,0.0,0.336,-3.333,0.0372,119.48,0.871,4
happy,0.0607,0.574,0.887,2.41e-06,0.334,-6.172,0.0565,136.057,0.622,4
happy,0.0674,0.639,0.923,0.0,0.0879,-5.708,0.032,97.874,0.761,4
happy,0.00277,0.673,0.71,0.0,0.55,-6.744,0.0324,110.017,0.54,4
happy,0.135,0.74,0.632,0.00808,0.19,-4.979,0.0837,92.096,0.498,4
happy,0.14,0.299,0.787,0.0,0.292,-7.93,0.069,94.798,0.716,4
happy,0.286,0.673,0.735,0.0,0.242,-4.733,0.0457,115.744,0.754,4
happy,0.0846,0.704,0.867,0.0,0.206,-5.808,0.0315,131.467,0.809,4
happy,0.0294,0.636,0.831,3.85e-06,0.272,-3.945,0.182,175.015,0.668,4
happy,0.00392,0.657,0.913,0.00149,0.466,-4.984,0.0528,108.036,0.906,4
happy,0.611,0.639,0.875,1.18e-05,0.204,-8.231,0.0413,93.242,0.873,4
happy,0.0131,0.363,0.893,0.0,0.0825,-4.81,0.0584,93.041,0.37,4
happy,0.519,0.435,0.652,0.0,0.129,-8.495,0.0404,108.097,0.806,4
happy,0.0283,0.421,0.831,0.0,0.464,-5.128,0.106,134.184,0.488,4
happy,0.0338,0.674,0.84,0.000441,0.0941,-3.879,0.0746,150.011,0.875,4
happy,0.0276,0.639,0.72,0.0,0.113,-4.253,0.0284,131.797,0.921,4
happy,0.0841,0.593,0.752,0.00308,0.197,-6.617,0.0313,172.087,0.935,4
happy,0.00164,0.507,0.753,0.00087,0.168,-4.064,0.0339,179.948,0.968,4
happy,0.534,0.519,0.772,1.21e-05,0.271,-6.784,0.0331,79.618,0.961,4
happy,0.162,0.799,0.586,2.03e-06,0.193,-6.735,0.0377,120.97,0.549,4
happy,0.456,0.732,0.973,0.0,0.154,-5.33,0.0319,123.292,0.967,4
happy,0.0117,0.722,0.761,0.0,0.315,-4.459,0.0475,128.044,0.624,4
happy,0.00526,0.707,0.628,8.21e-05,0.104,-9.684,0.0877,187.548,0.87,4
happy,0.756,0.861,0.408,4.36e-05,0.278,-6.632,0.217,113.964,0.713,4
happy,0.113,0.51,0.918,2.31e-06,0.115,-6.219,0.0433,95.876,0.94,4
happy,0.219,0.647,0.822,0.0,0.0908,-4.662,0.183,160.019,0.962,4
happy,0.0219,0.597,0.812,0.00106,0.102,-12.062,0.0315,135.68,0.823,4
happy,0.00767,0.479,0.931,0.0,0.306,-3.976,0.0613,154.931,0.708,4
happy,0.187,0.474,0.57,0.0,0.106,-3.188,0.068,94.16,0.535,4
happy,0.00777,0.582,0.787,0.0,0.182,-5.923,0.0877,130.953,0.368,4
happy,0.223,0.74,0.945,0.116,0.356,-5.666,0.0314,131.644,0.975,4
happy,0.0123,0.551,0.834,0.000936,0.472,-5.882,0.0482,168.944,0.962,4
happy,0.0182,0.532,0.586,9.8e-06,0.0963,-7.503,0.179,77.705,0.737,4
happy,0.0808,0.736,0.676,0.149,0.197,-7.28,0.0408,125.046,0.935,4
happy,0.356,0.504,0.904,0.121,0.14,-6.863,0.179,176.808,0.772,4
happy,0.164,0.682,0.724,0.0,0.301,-5.055,0.0306,132.051,0.491,4
happy,0.141,0.782,0.873,0.0571,0.112,-7.157,0.0475,123.181,0.858,4
happy,0.046,0.562,0.939,0.0,0.112,-4.282,0.0475,116.044,0.684,4
happy,0.13,0.749,0.484,0.137,0.0486,-9.944,0.0484,167.084,0.939,4
happy,0.394,0.731,0.822,0.0,0.288,-5.305,0.0459,118.021,0.708,4
happy,0.533,0.683,0.719,1.84e-05,0.112,-4.568,0.0299,118.731,0.907,4
happy,0.0155,0.477,0.776,0.00314,0.203,-5.056,0.0349,131.004,0.429,4
happy,0.00305,0.578,0.936,0.687,0.47,-5.761,0.0364,131.268,0.659,4
happy,0.377,0.628,0.886,8.65e-06,0.186,-4.253,0.0485,123.942,0.694,4
happy,0.267,0.806,0.657,0.000182,0.224,-11.574,0.158,89.492,0.702,4
happy,0.137,0.697,0.824,0.00702,0.141,-6.328,0.111,158.023,0.599,4
happy,0.0754,0.837,0.592,0.000251,0.0671,-14.264,0.0671,125.686,0.836,4
happy,0.0393,0.736,0.813,1.64e-06,0.164,-4.296,0.0853,118.968,0.933,4
happy,0.732,0.566,0.811,0.638,0.596,-9.849,0.0435,127.944,0.961,4
happy,0.0776,0.597,0.93,0.000404,0.0566,-3.23,0.0477,119.788,0.693,4
happy,0.00706,0.561,0.849,0.0,0.0822,-5.544,0.0582,129.061,0.411,4
happy,0.0934,0.795,0.564,0.000531,0.0631,-10.482,0.0392,124.166,0.961,4
happy,0.053,0.774,0.91,9.67e-06,0.095,-2.456,0.0722,120.02,0.881,4
happy,0.0157,0.508,0.725,1.26e-06,0.0995,-10.795,0.0344,138.934,0.741,4
happy,0.0538,0.442,0.846,4.71e-06,0.282,-5.214,0.0764,128.235,0.622,4
happy,0.0634,0.561,0.846,0.0,0.193,-4.48,0.0867,116.168,0.75,4
happy,0.6,0.526,0.509,0.0,0.144,-10.893,0.0628,138.318,0.497,4
happy,0.000459,0.543,0.946,0.000259,0.108,-3.888,0.0391,116.515,0.221,4
happy,0.046,0.747,0.904,0.106,0.203,-2.623,0.0803,118.877,0.846,4
happy,0.0094,0.887,0.48,3.58e-05,0.0662,-11.994,0.117,95.846,0.607,4
happy,0.269,0.533,0.964,6.29e-05,0.0642,-4.712,0.0878,156.149,0.812,4
happy,0.000855,0.534,0.943,0.0264,0.0697,-5.898,0.0845,101.754,0.823,4
happy,0.00585,0.553,0.724,4.72e-05,0.366,-6.486,0.0359,128.024,0.383,4
happy,0.181,0.601,0.593,0.000441,0.121,-11.685,0.0257,97.784,0.902,4
happy,0.423,0.441,0.908,2.88e-06,0.325,-6.481,0.0425,147.597,0.808,4
happy,0.0383,0.704,0.845,2.03e-05,0.12,-9.516,0.0535,94.52,0.623,4
happy,0.27,0.674,0.794,2.47e-06,0.211,-7.361,0.0726,129.292,0.685,4
happy,0.41,0.652,0.742,0.052,0.323,-9.687,0.0501,106.096,0.736,4
happy,0.0229,0.709,0.768,0.0,0.417,-4.274,0.0324,103.036,0.869,4
happy,0.438,0.643,0.879,0.0,0.107,-3.602,0.0426,106.077,0.952,4
happy,0.164,0.683,0.659,0.0,0.248,-9.424,0.0412,109.952,0.919,4
happy,0.147,0.771,0.76,0.0,0.053,-5.459,0.0514,119.0,0.881,4
happy,0.126,0.777,0.725,0.0108,0.0917,-9.012,0.047,128.349,0.851,4
happy,0.0117,0.716,0.828,2.1e-06,0.301,-13.065,0.104,103.155,0.771,4
happy,0.865,0.456,0.184,0.864,0.137,-10.367,0.288,143.879,0.71,1
happy,0.753,0.713,0.639,0.0,0.0878,-5.529,0.0313,125.959,0.737,4
happy,0.0398,0.73,0.862,0.0,0.0818,-5.876,0.0313,104.018,0.77,4
happy,0.301,0.801,0.757,8.25e-06,0.0708,-7.13,0.0369,109.366,0.962,4
happy,0.259,0.721,0.811,0.0,0.0951,-6.871,0.0426,142.128,0.969,4
happy,0.0698,0.634,0.744,0.0,0.0465,-5.062,0.041,162.4,0.967,4
happy,0.0531,0.634,0.838,8.34e-06,0.0522,-5.363,0.0413,95.011,0.541,4
happy,0.654,0.585,0.284,0.888,0.109,-13.448,0.0466,83.981,0.0733,4
happy,0.179,0.73,0.858,1.54e-06,0.0611,-8.221,0.036,131.445,0.765,4
happy,0.0111,0.368,0.935,0.00201,0.0948,-3.204,0.0587,164.425,0.558,4
happy,0.111,0.82,0.528,0.0186,0.257,-11.179,0.0321,120.091,0.931,4
happy,0.00143,0.632,0.639,0.0,0.221,-5.938,0.0259,95.506,0.733,4
happy,0.16,0.588,0.568,0.0,0.0792,-9.766,0.0672,106.938,0.952,4
happy,0.147,0.718,0.658,0.0,0.183,-7.207,0.0665,108.105,0.806,4
happy,0.289,0.779,0.589,0.000535,0.331,-11.562,0.0893,92.308,0.815,4
happy,0.158,0.707,0.814,2.72e-06,0.106,-7.364,0.0367,132.062,0.922,4
happy,0.324,0.735,0.767,0.0,0.146,-6.536,0.116,106.132,0.833,4
happy,0.281,0.763,0.777,0.79,0.134,-6.932,0.0364,124.431,0.929,4
happy,0.00836,0.818,0.705,0.00233,0.613,-6.679,0.177,138.559,0.772,4
happy,0.00173,0.487,0.798,0.00548,0.106,-6.441,0.0313,144.997,0.391,4
happy,0.697,0.502,0.931,3.92e-06,0.281,-4.686,0.174,166.407,0.903,4
happy,0.0123,0.546,0.85,0.0,0.193,-4.315,0.0322,135.162,0.584,4
happy,0.488,0.712,0.775,0.0,0.7,-6.089,0.0572,134.902,0.917,4
happy,0.0985,0.556,0.895,1.67e-05,0.227,-5.093,0.0696,77.546,0.559,4
happy,0.129,0.69,0.834,0.0,0.136,-5.79,0.0566,127.43,0.738,4
happy,0.231,0.668,0.473,0.0,0.115,-15.402,0.0336,91.976,0.962,4
happy,0.000527,0.615,0.887,0.0,0.0667,-2.924,0.0453,119.0,0.877,4
happy,0.000457,0.624,0.878,0.0,0.0656,-2.934,0.0514,119.106,0.878,4
happy,0.0687,0.759,0.871,0.0,0.342,-7.034,0.0391,120.43,0.871,4
happy,0.0117,0.763,0.721,7.69e-06,0.0752,-6.767,0.0986,118.049,0.657,4
happy,0.207,0.709,0.824,0.000307,0.0888,-8.824,0.0453,118.814,0.867,4
happy,0.266,0.793,0.859,0.000356,0.133,-3.774,0.0332,129.912,0.964,4
happy,0.118,0.561,0.674,0.0,0.111,-4.882,0.0818,148.127,0.383,4
happy,0.00162,0.543,0.912,2.1e-06,0.0565,-10.71,0.0601,103.731,0.836,4
happy,0.414,0.705,0.847,3.21e-06,0.406,-2.588,0.0361,120.527,0.743,4
happy,0.0984,0.59,0.93,0.00332,0.786,-4.259,0.0374,119.923,0.954,4
happy,0.018,0.71,0.917,0.0,0.335,-3.385,0.0287,108.031,0.83,4
happy,0.672,0.669,0.479,0.0,0.11,-8.849,0.0442,143.159,0.679,4
happy,0.0982,0.565,0.912,0.0,0.0839,-4.036,0.056,84.49,0.881,4
happy,0.29,0.639,0.548,9.68e-05,0.366,-13.534,0.0394,98.359,0.887,4
happy,0.0696,0.675,0.899,0.000139,0.33,-6.124,0.0418,103.683,0.91,4
happy,8.74e-05,0.438,0.94,0.0777,0.3,-3.249,0.0452,100.99,0.421,3
happy,0.0719,0.594,0.927,5e-05,0.079,-2.691,0.0675,173.927,0.648,4
happy,0.175,0.76,0.714,0.0,0.0778,-7.134,0.0274,110.007,0.774,4
happy,0.274,0.874,0.793,0.000219,0.123,-7.979,0.0945,102.938,0.791,4
happy,0.103,0.523,0.76,0.00068,0.0666,-12.437,0.0325,94.267,0.581,4
happy,0.72,0.573,0.837,3.24e-05,0.242,-10.224,0.0977,157.138,0.929,4
happy,0.0201,0.682,0.681,0.0162,0.101,-5.435,0.0291,111.037,0.577,4
happy,0.0238,0.63,0.908,0.592,0.116,-2.42,0.0326,120.522,0.968,4
happy,0.0559,0.532,0.795,0.0,0.295,-3.979,0.0358,143.837,0.78,4
happy,0.000665,0.55,0.753,7.74e-06,0.0921,-4.003,0.0407,139.048,0.841,4
happy,0.264,0.701,0.595,0.00421,0.449,-6.484,0.0447,109.991,0.115,4
happy,0.177,0.767,0.895,0.0253,0.0683,-3.633,0.0871,114.789,0.884,4
happy,0.000479,0.467,0.958,0.199,0.299,-4.808,0.0775,145.92,0.701,4
happy,0.312,0.752,0.694,0.0348,0.0577,-5.385,0.062,167.263,0.869,4
happy,0.201,0.832,0.544,0.000139,0.632,-12.697,0.0442,119.49,0.928,4
happy,0.0551,0.712,0.636,0.0,0.0868,-11.542,0.0454,124.669,0.9,4
happy,0.617,0.408,0.313,1.18e-05,0.115,-18.09,0.137,170.013,0.725,4
happy,0.609,0.598,0.66,0.0,0.154,-8.948,0.151,165.92,0.938,4
happy,0.164,0.535,0.678,0.0,0.0883,-7.809,0.0437,160.938,0.944,4
happy,0.224,0.61,0.889,2.6e-05,0.0529,-6.566,0.0905,115.1,0.491,4
happy,0.114,0.5,0.681,4.01e-05,0.139,-9.556,0.0672,119.46,0.745,4
happy,0.32,0.388,0.63,0.0,0.0738,-6.292,0.0453,145.931,0.774,4
happy,0.457,0.77,0.774,0.0,0.0752,-2.709,0.0445,119.471,0.943,4
happy,0.0849,0.652,0.748,0.0,0.604,-5.242,0.0887,94.1,0.652,4
happy,0.723,0.521,0.516,0.0,0.257,-7.456,0.0369,136.483,0.569,4
happy,0.0155,0.719,0.599,0.00896,0.0526,-5.991,0.0453,119.971,0.429,4
happy,0.202,0.533,0.638,0.0,0.0729,-7.13,0.0341,156.663,0.937,4
happy,0.14,0.377,0.988,0.658,0.0483,-1.568,0.107,88.352,0.489,4
happy,0.0623,0.646,0.88,0.157,0.355,-7.753,0.0637,116.916,0.802,4
happy,0.217,0.806,0.513,0.0,0.217,-6.208,0.0685,124.988,0.503,4
happy,0.197,0.676,0.786,0.0,0.0943,-4.529,0.0478,125.983,0.483,4
happy,0.0863,0.667,0.827,0.0,0.0565,-5.631,0.0368,107.95,0.573,4
happy,0.181,0.686,0.538,3.13e-06,0.113,-8.026,0.0345,115.884,0.584,4
happy,0.198,0.794,0.706,0.0,0.0536,-6.066,0.0382,116.032,0.908,4
happy,0.274,0.558,0.877,0.0,0.162,-3.392,0.145,99.988,0.762,4
happy,0.135,0.694,0.574,0.0,0.184,-6.247,0.0281,92.033,0.471,4
happy,0.0931,0.733,0.786,0.0013,0.1,-7.494,0.0422,102.999,0.786,4
happy,0.27,0.659,0.617,0.0,0.187,-5.862,0.0649,119.858,0.187,4
happy,0.114,0.732,0.85,2.02e-06,0.0388,-5.999,0.0444,124.024,0.372,4
happy,0.198,0.747,0.537,1.26e-05,0.18,-5.76,0.0413,97.056,0.453,4
happy,0.0132,0.521,0.877,0.0806,0.0929,-5.444,0.0683,180.007,0.199,4
happy,0.949,0.498,0.478,0.371,0.286,-10.629,0.0441,84.385,0.24,4
happy,0.131,0.333,0.637,1.8e-05,0.149,-4.904,0.0581,139.898,0.132,4
happy,0.196,0.673,0.704,0.0,0.0898,-8.056,0.36,86.919,0.372,4
happy,0.0783,0.761,0.695,0.0,0.14,-4.048,0.0886,118.004,0.69,4
happy,0.0714,0.646,0.761,0.0,0.222,-2.557,0.0385,129.916,0.472,4
happy,0.00839,0.852,0.698,1.03e-06,0.0773,-7.206,0.0629,113.039,0.324,4
happy,0.0332,0.789,0.711,0.0,0.0876,-4.248,0.041,112.985,0.753,4
happy,0.785,0.498,0.295,0.817,0.103,-9.691,0.0963,77.096,0.473,4
happy,0.00515,0.654,0.787,0.0,0.144,-4.999,0.0502,123.978,0.409,4
happy,0.124,0.499,0.898,7.2e-06,0.0832,-4.181,0.124,120.04,0.618,4
happy,0.0578,0.756,0.815,2e-05,0.387,-5.122,0.046,120.002,0.927,4
happy,0.212,0.573,0.739,0.0,0.175,-5.455,0.0581,120.077,0.363,4
happy,0.151,0.421,0.669,0.0,0.635,-4.724,0.127,175.788,0.326,4
happy,0.0209,0.749,0.674,0.0,0.169,-5.128,0.0366,123.055,0.711,4
happy,0.0133,0.708,0.758,1.04e-05,0.418,-4.453,0.0367,101.017,0.272,4
happy,0.141,0.66,0.667,5.26e-05,0.107,-6.87,0.0474,114.901,0.452,4
happy,0.326,0.682,0.72,0.0,0.148,-8.173,0.0381,117.003,0.673,4
happy,0.0599,0.476,0.594,0.0,0.0785,-6.879,0.135,159.702,0.314,4
happy,0.168,0.734,0.874,1.14e-05,0.0489,-3.158,0.0662,122.953,0.905,4
happy,0.412,0.799,0.419,0.0,0.203,-7.99,0.174,156.055,0.716,4
happy,0.0636,0.659,0.801,0.0,0.341,-4.234,0.0435,105.991,0.334,4
happy,0.021,0.672,0.855,0.0,0.323,-3.764,0.0397,123.056,0.646,4
happy,0.264,0.503,0.754,5.85e-05,0.297,-3.634,0.0424,116.524,0.597,4
happy,0.0531,0.7,0.904,8.03e-06,0.105,-4.03,0.0431,103.039,0.347,4
happy,0.369,0.779,0.705,7.91e-06,0.124,-3.895,0.0344,101.022,0.946,4
happy,0.0493,0.668,0.563,0.0,0.119,-6.433,0.0522,103.116,0.305,4
happy,0.44,0.485,0.461,0.0,0.232,-5.646,0.0444,87.009,0.324,4
happy,0.0515,0.653,0.623,0.0,0.0869,-5.989,0.0938,175.884,0.48,4
happy,0.127,0.715,0.635,0.0,0.0862,-6.591,0.0791,112.887,0.39,4
happy,0.00775,0.638,0.688,0.0,0.126,-4.056,0.0407,129.856,0.434,4
happy,0.247,0.697,0.535,0.0,0.569,-6.504,0.068,82.959,0.594,4
happy,0.262,0.696,0.686,0.0,0.174,-6.113,0.0309,115.982,0.7,4
happy,0.0179,0.73,0.558,0.0,0.128,-6.535,0.0786,100.066,0.618,4
happy,0.00178,0.721,0.763,0.000238,0.0945,-4.748,0.0382,117.981,0.436,4
happy,0.00912,0.688,0.742,1.37e-06,0.186,-6.363,0.0496,110.026,0.74,4
happy,0.243,0.795,0.48,0.0,0.271,-8.556,0.0688,149.919,0.723,4
happy,0.0112,0.746,0.765,0.0,0.0936,-4.41,0.0993,114.044,0.737,4
happy,0.0491,0.682,0.767,0.00189,0.0768,-5.752,0.104,127.933,0.4,4
happy,0.0744,0.54,0.793,0.0,0.354,-4.379,0.0493,112.219,0.399,4
happy,0.0697,0.614,0.934,0.0,0.121,-3.709,0.07,116.001,0.436,4
happy,0.148,0.611,0.651,1.84e-05,0.105,-6.973,0.0587,122.983,0.357,4
happy,0.068,0.929,0.67,0.0,0.318,-3.977,0.0488,120.935,0.938,4
happy,0.0119,0.548,0.721,0.0,0.216,-4.466,0.0472,177.918,0.594,4
happy,0.11,0.585,0.82,0.0,0.134,-4.428,0.0774,169.895,0.396,4
happy,0.124,0.64,0.648,0.0,0.0802,-8.113,0.187,92.977,0.548,4
happy,0.216,0.595,0.784,0.0,0.0608,-4.878,0.102,124.111,0.479,4
happy,0.092,0.827,0.73,1.35e-05,0.258,-5.324,0.0934,95.003,0.679,4
happy,0.105,0.738,0.85,0.0,0.23,-3.049,0.0642,98.013,0.865,4
happy,0.164,0.796,0.694,0.0,0.0703,-3.979,0.234,98.005,0.847,4
happy,0.00565,0.648,0.641,3.63e-06,0.109,-5.521,0.0389,184.021,0.505,4
happy,0.268,0.669,0.801,0.0,0.0594,-5.445,0.136,109.919,0.541,4
happy,0.155,0.756,0.54,0.0,0.0551,-5.456,0.125,108.274,0.642,4
happy,0.0948,0.686,0.83,1.33e-06,0.182,-4.437,0.0369,123.032,0.486,4
happy,0.0304,0.58,0.804,0.00359,0.105,-4.618,0.0279,126.005,0.137,4
happy,0.0955,0.751,0.657,0.0,0.0945,-4.642,0.0989,118.029,0.532,4
happy,0.000817,0.611,0.88,1.01e-05,0.0598,-6.571,0.0378,144.996,0.771,4
happy,0.0264,0.722,0.59,0.0,0.0793,-7.512,0.0435,104.931,0.368,4
happy,0.00658,0.563,0.583,0.0,0.102,-7.302,0.031,91.899,0.525,4
happy,0.07,0.718,0.693,0.0,0.132,-5.375,0.0252,88.026,0.691,4
happy,0.267,0.81,0.788,0.000172,0.196,-3.663,0.0447,135.991,0.845,4
happy,0.151,0.721,0.745,1.24e-06,0.372,-3.508,0.0366,90.988,0.699,4
happy,0.145,0.547,0.795,0.0,0.11,-3.721,0.0489,118.118,0.723,4
happy,0.0586,0.578,0.639,0.0,0.0944,-5.749,0.0374,108.045,0.296,4
happy,0.0112,0.624,0.628,0.0191,0.0814,-6.582,0.0408,114.556,0.772,4
happy,0.0151,0.693,0.678,5.71e-06,0.101,-7.159,0.0324,103.952,0.404,4
happy,0.962,0.323,0.119,0.000348,0.106,-17.892,0.05,89.862,0.176,4
happy,0.000414,0.528,0.833,1.23e-06,0.068,-6.19,0.0514,127.998,0.46,4
happy,0.321,0.677,0.696,0.0,0.42,-6.181,0.119,90.03,0.464,4
happy,0.194,0.77,0.882,0.0,0.316,-4.792,0.0602,99.991,0.385,4
happy,0.0264,0.73,0.792,0.0,0.101,-5.33,0.13,99.039,0.745,4
happy,0.0469,0.727,0.626,2.58e-05,0.126,-8.415,0.0726,86.97,0.322,4
happy,0.058,0.399,0.492,0.00101,0.11,-10.777,0.0538,91.066,0.159,4
happy,0.298,0.668,0.892,0.0,0.735,-3.001,0.0645,95.927,0.478,4
happy,0.131,0.862,0.753,2.01e-06,0.077,-5.356,0.0625,105.039,0.827,4
happy,0.00302,0.615,0.701,0.0,0.0471,-4.257,0.0472,98.073,0.251,4
happy,0.237,0.67,0.743,0.0,0.465,-4.993,0.0393,125.944,0.571,4
happy,0.102,0.467,0.795,0.0,0.264,-3.6,0.0687,163.837,0.472,4
happy,0.00711,0.507,0.828,2.44e-05,0.261,-6.023,0.0449,178.032,0.489,4
happy,0.289,0.46,0.8,6.16e-06,0.121,-3.584,0.05,102.46,0.553,4
happy,0.275,0.75,0.664,0.0,0.0632,-5.908,0.154,105.023,0.617,4
happy,0.139,0.726,0.781,0.0,0.274,-4.276,0.0525,104.976,0.579,4
happy,0.156,0.793,0.714,0.0,0.136,-7.562,0.193,100.036,0.794,4
happy,0.212,0.447,0.553,0.0,0.165,-4.817,0.0322,149.877,0.252,4
happy,0.0912,0.798,0.675,0.0,0.0894,-5.041,0.0442,101.956,0.842,4
happy,0.011,0.555,0.879,0.0,0.298,-2.484,0.0983,113.852,0.691,4
happy,0.128,0.743,0.529,0.0,0.181,-6.187,0.0505,102.048,0.438,4
happy,0.057,0.695,0.656,0.0,0.267,-6.038,0.0489,90.986,0.346,4
happy,0.197,0.524,0.806,0.0,0.101,-3.447,0.406,115.172,0.45,4
happy,0.019,0.681,0.773,1.28e-06,0.11,-5.749,0.148,119.961,0.429,4
happy,0.0263,0.766,0.548,1.81e-06,0.21,-7.834,0.0373,122.012,0.552,4
energetic,0.021,0.624,0.864,0.000407,0.233,-5.341,0.0564,122.03,0.4,4
energetic,0.222,0.772,0.582,8.78e-05,0.108,-5.14,0.0615,117.856,0.319,4
energetic,0.38,0.747,0.571,0.0,0.534,-7.916,0.478,172.104,0.553,4
energetic,0.184,0.741,0.773,0.0,0.135,-6.692,0.0804,125.007,0.383,4
energetic,0.0856,0.601,0.682,0.00384,0.132,-5.905,0.0338,94.999,0.17,4
energetic,0.0494,0.693,0.693,0.0,0.744,-10.764,0.0851,136.884,0.685,4
energetic,0.185,0.698,0.476,0.238,0.0542,-7.459,0.0417,124.986,0.181,4
energetic,0.024,0.574,0.731,0.0,0.0779,-4.582,0.0664,127.925,0.402,4
energetic,0.2,0.724,0.618,1.07e-05,0.0806,-4.36,0.0483,128.085,0.916,4
energetic,0.00499,0.634,0.724,0.000193,0.0732,-5.842,0.0546,148.024,0.309,4
energetic,0.0178,0.525,0.699,8.8e-05,0.0888,-4.571,0.0353,92.011,0.199,4
energetic,0.00431,0.659,0.925,0.0,0.205,-4.567,0.0559,117.015,0.64,4
energetic,0.00045,0.474,0.845,0.0,0.613,-4.931,0.156,99.975,0.634,4
energetic,0.0135,0.474,0.708,0.0,0.336,-5.098,0.0325,86.953,0.305,4
energetic,0.00425,0.589,0.837,0.114,0.175,-4.803,0.028,127.977,0.429,4
energetic,0.064,0.652,0.744,2.87e-05,0.342,-4.098,0.0378,123.006,0.487,4
energetic,0.0185,0.636,0.815,0.0,0.163,-5.098,0.0581,123.063,0.636,4
energetic,0.162,0.69,0.753,0.0,0.0718,-3.83,0.0555,148.024,0.931,4
energetic,0.00849,0.83,0.507,0.00139,0.0955,-9.295,0.0369,119.999,0.444,4
energetic,0.000527,0.615,0.887,0.0,0.0667,-2.924,0.0453,119.0,0.877,4
energetic,0.000457,0.624,0.878,0.0,0.0656,-2.934,0.0514,119.106,0.878,4
energetic,0.0128,0.747,0.705,0.0,0.126,-5.137,0.126,136.024,0.56,4
energetic,0.0117,0.421,0.791,1.48e-05,0.146,-4.998,0.0496,130.075,0.499,4
energetic,0.127,0.579,0.886,0.000715,0.334,-4.964,0.499,159.95,0.32,4
energetic,0.00413,0.663,0.822,0.00318,0.234,-2.909,0.0557,128.002,0.567,4
energetic,0.0202,0.488,0.715,0.0,0.1,-4.587,0.06,95.996,0.361,4
energetic,0.65,0.841,0.571,0.00033,0.0895,-8.066,0.102,125.032,0.772,4
energetic,0.00532,0.716,0.729,0.000597,0.313,-5.726,0.0375,124.003,0.498,4
energetic,0.0798,0.58,0.885,0.00329,0.249,-3.369,0.0698,127.907,0.319,4
energetic,0.00439,0.643,0.575,0.0,0.117,-7.247,0.0543,102.94,0.29,4
energetic,0.0654,0.582,0.872,0.000182,0.0436,-0.936,0.0462,106.038,0.196,4
energetic,0.187,0.444,0.406,5.18e-06,0.0627,-8.687,0.0619,159.88,0.427,5
energetic,0.00158,0.549,0.758,0.102,0.154,-8.675,0.0516,142.032,0.434,4
energetic,0.00197,0.581,0.892,3.64e-06,0.322,-4.545,0.152,111.954,0.464,4
energetic,0.00392,0.55,0.866,0.0,0.349,-2.554,0.0581,164.006,0.365,4
energetic,0.001,0.503,0.734,0.731,0.0931,-5.313,0.0388,140.091,0.0934,4
energetic,0.0821,0.763,0.877,0.000311,0.0643,-5.593,0.0516,124.033,0.835,4
energetic,0.00569,0.468,0.887,1.93e-05,0.0528,-2.936,0.046,86.016,0.222,4
energetic,0.176,0.592,0.604,0.00368,0.178,-7.504,0.0353,114.029,0.213,4
energetic,0.0112,0.746,0.765,0.0,0.0936,-4.41,0.0993,114.044,0.737,4
energetic,0.0491,0.682,0.767,0.00189,0.0768,-5.752,0.104,127.933,0.4,4
energetic,0.029,0.505,0.89,8.22e-05,0.11,-3.767,0.0436,133.955,0.31,4
energetic,0.0968,0.685,0.736,0.222,0.0807,-3.578,0.0388,149.963,0.343,4
energetic,0.0502,0.696,0.526,0.00228,0.099,-5.895,0.0392,113.008,0.311,4
energetic,0.46,0.639,0.931,0.0,0.0942,-1.73,0.0708,126.084,0.471,4
energetic,0.00226,0.535,0.961,0.000208,0.39,-3.068,0.102,159.883,0.283,4
energetic,0.0137,0.763,0.825,0.000387,0.385,-4.104,0.0366,125.005,0.364,4
energetic,0.0378,0.713,0.771,8.03e-05,0.221,-4.562,0.201,114.93,0.42,4
energetic,0.0061,0.618,0.804,0.253,0.309,-6.793,0.0294,150.022,0.17,4
energetic,0.00308,0.545,0.65,7.98e-06,0.122,-5.853,0.0315,143.937,0.121,4
energetic,0.0121,0.603,0.977,0.0068,0.123,-2.461,0.109,150.019,0.175,4
energetic,0.00873,0.645,0.742,0.000957,0.0833,-4.928,0.11,150.087,0.263,4
energetic,0.0498,0.55,0.689,0.0,0.207,-7.76,0.094,99.904,0.408,4
energetic,0.101,0.488,0.725,2.66e-05,0.118,-6.133,0.141,83.341,0.51,4
energetic,0.00411,0.635,0.945,2.41e-05,0.314,-2.298,0.036,125.024,0.686,4
energetic,0.00487,0.464,0.785,1.05e-05,0.29,-4.034,0.244,78.185,0.245,4
energetic,0.0447,0.693,0.905,0.000224,0.354,-5.608,0.0383,104.989,0.399,4
energetic,0.00623,0.712,0.835,1.68e-06,0.843,-4.676,0.0487,153.956,0.741,4
energetic,0.00978,0.682,0.935,0.0106,0.122,-1.503,0.0336,125.995,0.412,4
energetic,0.00822,0.64,0.761,0.00377,0.0464,-6.07,0.0344,112.024,0.319,4
energetic,0.238,0.71,0.732,0.0,0.146,-5.266,0.0381,125.032,0.128,4
energetic,0.199,0.631,0.927,0.119,0.148,-2.787,0.0332,123.962,0.465,4
energetic,0.162,0.549,0.832,0.0,0.117,-3.424,0.0964,168.025,0.19,4
energetic,0.148,0.673,0.894,3.4e-06,0.141,-2.73,0.0594,118.894,0.63,4
energetic,0.0271,0.656,0.939,0.0179,0.321,-1.277,0.0479,108.086,0.528,4
energetic,0.156,0.42,0.755,0.0,0.117,-5.462,0.115,92.2,0.546,4
energetic,0.197,0.456,0.777,0.0,0.112,-5.97,0.055,102.968,0.285,4
energetic,0.012,0.706,0.897,1.01e-06,0.343,-2.539,0.0349,125.002,0.626,4
energetic,0.0193,0.456,0.701,3.82e-05,0.0497,-5.104,0.102,154.139,0.381,4
energetic,0.00768,0.573,0.874,3.12e-05,0.232,-3.283,0.0301,123.922,0.776,4
energetic,0.00801,0.419,0.521,2.79e-05,0.109,-12.038,0.147,142.341,0.265,4
energetic,0.0997,0.696,0.954,0.0176,0.0969,-4.357,0.0397,122.009,0.782,4
energetic,0.0135,0.555,0.871,0.0,0.0859,-3.316,0.108,145.151,0.598,4
energetic,0.0257,0.754,0.866,0.0108,0.124,-5.37,0.0641,125.981,0.488,4
energetic,0.0611,0.732,0.564,0.000251,0.106,-8.49,0.0372,120.008,0.358,4
energetic,0.0324,0.739,0.734,0.0113,0.101,-6.092,0.0476,123.996,0.709,4
energetic,0.0837,0.647,0.879,1.98e-06,0.538,-0.93,0.0831,126.042,0.427,4
energetic,0.0292,0.685,0.731,0.0,0.369,-5.503,0.414,145.245,0.266,4
energetic,0.0812,0.756,0.589,0.0,0.176,-5.093,0.232,146.928,0.811,4
energetic,0.000609,0.613,0.771,0.00013,0.416,-6.963,0.0292,92.029,0.605,4
energetic,0.021,0.635,0.875,7.94e-06,0.139,-6.221,0.0512,126.034,0.545,4
energetic,0.0331,0.567,0.834,3.59e-06,0.0652,-4.319,0.0581,101.016,0.34,4
energetic,0.00763,0.723,0.816,0.0,0.126,-4.486,0.0759,117.993,0.235,4
energetic,0.0861,0.509,0.897,0.000634,0.0625,-3.418,0.0454,149.864,0.283,4
energetic,0.0037,0.454,0.846,0.0,0.105,-4.577,0.0764,128.064,0.216,4
energetic,0.0165,0.654,0.952,0.00293,0.355,-3.231,0.0432,127.997,0.588,4
energetic,0.0625,0.657,0.893,0.0,0.0688,-2.416,0.0739,127.992,0.514,4
energetic,0.228,0.671,0.796,8.13e-05,0.151,-5.157,0.0329,124.018,0.703,4
energetic,0.0246,0.552,0.663,2.21e-05,0.111,-7.512,0.0372,128.05,0.111,4
energetic,0.00937,0.683,0.61,0.00254,0.327,-5.203,0.0344,125.984,0.428,4
energetic,0.000973,0.653,0.934,0.000512,0.144,-2.878,0.295,127.029,0.561,4
energetic,0.0292,0.499,0.79,0.0052,0.0802,-5.187,0.0763,133.515,0.614,4
energetic,0.0262,0.578,0.8,0.00989,0.11,-6.519,0.0572,127.931,0.457,4
energetic,0.0613,0.769,0.785,1.67e-05,0.0814,-3.895,0.0714,111.078,0.381,4
energetic,0.0184,0.603,0.879,0.0,0.156,-4.098,0.124,110.125,0.318,4
energetic,0.138,0.467,0.963,0.101,0.0938,-1.563,0.192,160.135,0.394,4
energetic,0.0736,0.608,0.798,0.0,0.156,-5.092,0.0432,92.943,0.501,4
energetic,0.00555,0.734,0.663,0.0,0.0755,-5.297,0.0331,122.886,0.577,4
energetic,0.074,0.29,0.766,0.0,0.525,-4.476,0.0804,85.767,0.133,4
energetic,0.517,0.754,0.653,3.94e-05,0.561,-7.119,0.266,150.953,0.558,4
energetic,0.044,0.57,0.831,1.71e-06,0.0806,-3.062,0.0728,159.977,0.355,4
energetic,0.0247,0.677,0.683,0.723,0.0404,-7.997,0.0342,125.997,0.181,4
energetic,0.0019,0.457,0.899,0.0,0.831,-2.591,0.132,147.268,0.298,4
energetic,0.0513,0.799,0.628,7.95e-05,0.159,-6.914,0.0432,115.994,0.467,4
energetic,0.014,0.605,0.771,0.0,0.0978,-3.799,0.0716,147.937,0.406,4
energetic,0.0675,0.489,0.912,0.0067,0.353,-6.381,0.271,187.756,0.517,4
energetic,0.0799,0.576,0.387,0.84,0.251,-8.905,0.0681,82.935,0.339,4
energetic,0.25,0.573,0.774,0.000131,0.221,-3.263,0.0436,75.007,0.348,4
energetic,0.0894,0.68,0.745,0.0,0.0758,-5.626,0.0798,126.047,0.26,4
energetic,0.0238,0.411,0.81,0.0132,0.216,-5.047,0.0743,110.041,0.468,4
energetic,0.0508,0.624,0.827,1.26e-05,0.0913,-4.827,0.0758,119.696,0.211,4
energetic,0.0024,0.734,0.691,0.145,0.121,-5.618,0.0385,125.0,0.0397,4
energetic,0.0719,0.737,0.855,0.0,0.116,-3.085,0.0346,117.991,0.525,4
energetic,0.198,0.716,0.79,0.0,0.397,-5.329,0.0572,99.934,0.719,4
energetic,0.0152,0.725,0.699,0.0222,0.116,-6.376,0.0575,132.042,0.661,4
energetic,0.0225,0.632,0.575,1.81e-06,0.104,-6.478,0.029,90.037,0.188,4
energetic,0.598,0.746,0.331,0.913,0.0831,-13.754,0.084,90.036,0.173,4
energetic,0.00687,0.785,0.682,0.0,0.634,-5.94,0.137,105.16,0.345,4
energetic,0.00994,0.538,0.936,1.78e-05,0.126,-0.814,0.0802,155.022,0.57,4
energetic,0.0296,0.731,0.81,0.00369,0.528,-4.653,0.108,127.996,0.373,4
energetic,0.00189,0.628,0.877,0.0,0.228,-3.016,0.041,142.034,0.199,4
energetic,0.453,0.698,0.909,0.00867,0.0966,-2.713,0.0336,121.987,0.439,4
energetic,0.00908,0.613,0.879,1.66e-06,0.108,-4.649,0.0729,76.966,0.497,4
energetic,0.028,0.501,0.648,1.26e-05,0.153,-7.173,0.0696,163.834,0.191,4
energetic,0.0554,0.678,0.771,0.0,0.192,-5.437,0.311,95.122,0.522,4
energetic,0.0171,0.615,0.781,0.0017,0.178,-5.597,0.109,126.254,0.268,3
energetic,0.327,0.536,0.745,0.0,0.312,-7.695,0.0537,122.481,0.5,4
energetic,0.00497,0.518,0.908,0.23,0.077,-8.252,0.0423,126.011,0.193,4
energetic,0.108,0.518,0.836,0.000784,0.0806,-3.727,0.0332,154.886,0.745,4
energetic,0.0411,0.691,0.749,0.0,0.281,-6.779,0.0839,144.974,0.331,4
energetic,0.00849,0.729,0.544,0.0,0.176,-8.51,0.141,112.928,0.338,4
energetic,0.00413,0.663,0.822,0.00318,0.234,-2.909,0.0557,128.002,0.567,4
energetic,0.0202,0.488,0.715,0.0,0.1,-4.587,0.06,95.996,0.361,4
energetic,0.229,0.588,0.603,0.0,0.0934,-6.044,0.0556,97.045,0.458,4
energetic,0.0331,0.756,0.92,4.85e-06,0.0716,-3.211,0.0844,125.962,0.518,4
energetic,0.0141,0.622,0.746,7.07e-05,0.0872,-6.138,0.123,89.981,0.552,4
energetic,0.178,0.671,0.729,0.00118,0.114,-4.387,0.0269,125.0,0.478,4
energetic,0.00664,0.554,0.528,0.0817,0.211,-6.912,0.0501,149.86,0.44,4
energetic,0.146,0.348,0.768,0.0,0.113,-3.455,0.0566,95.722,0.365,4
energetic,0.532,0.636,0.833,0.0,0.117,-4.036,0.237,160.103,0.513,4
energetic,0.06,0.67,0.837,0.000694,0.159,-4.031,0.0362,105.003,0.71,4
energetic,0.00457,0.381,0.668,0.0,0.0877,-4.328,0.0326,75.004,0.104,4
energetic,0.0684,0.572,0.799,0.000139,0.428,-2.867,0.125,167.941,0.317,4
energetic,0.105,0.562,0.906,0.0,0.145,-2.085,0.0758,124.146,0.674,4
energetic,0.045,0.528,0.874,0.0,0.0888,-3.028,0.0456,105.042,0.376,4
energetic,0.134,0.596,0.746,1.01e-06,0.299,-4.411,0.076,99.03,0.473,4
energetic,0.329,0.611,0.543,0.0,0.281,-5.288,0.0672,174.862,0.561,4
energetic,0.00428,0.745,0.772,0.114,0.0722,-3.949,0.0904,133.113,0.17,4
energetic,0.0154,0.658,0.88,0.0,0.235,-4.582,0.0845,90.018,0.831,4
energetic,0.0981,0.66,0.909,0.0,0.305,-2.323,0.0493,125.02,0.643,4
energetic,0.019,0.533,0.923,6.8e-05,0.0878,-1.807,0.0586,124.031,0.199,4
energetic,0.223,0.36,0.847,0.00019,0.147,-3.931,0.109,89.915,0.501,4
energetic,0.00726,0.629,0.983,0.00207,0.345,-2.044,0.217,126.014,0.422,4
energetic,0.00367,0.745,0.717,0.0453,0.104,-6.621,0.0353,130.011,0.242,4
energetic,0.00848,0.561,0.946,2.05e-05,0.0635,-0.899,0.128,109.891,0.3,4
energetic,0.00336,0.631,0.708,3.24e-05,0.0551,-6.592,0.0343,139.992,0.315,4
energetic,0.0186,0.577,0.911,0.0587,0.159,-4.449,0.0512,160.036,0.543,4
energetic,0.00273,0.466,0.682,2.69e-05,0.0972,-9.648,0.0355,125.97,0.323,4
energetic,0.939,0.648,0.115,3.88e-05,0.11,-17.133,0.0445,119.967,0.29,4
energetic,0.123,0.542,0.868,0.058,0.0953,-3.886,0.0321,125.997,0.253,4
energetic,0.775,0.496,0.199,0.882,0.346,-17.063,0.169,82.068,0.253,4
energetic,0.139,0.552,0.915,0.949,0.146,-4.421,0.0616,160.02,0.126,4
energetic,0.975,0.236,0.33,0.126,0.116,-10.085,0.0325,86.546,0.0827,4
energetic,0.0107,0.707,0.83,2.06e-05,0.495,-4.587,0.0427,120.013,0.386,4
energetic,0.196,0.606,0.707,0.0,0.188,-6.333,0.0425,154.943,0.275,4
energetic,0.576,0.689,0.725,4.01e-05,0.14,-4.665,0.0445,100.025,0.565,4
energetic,0.0102,0.793,0.726,0.00108,0.755,-5.42,0.068,117.98,0.578,4
energetic,0.0245,0.529,0.72,0.000146,0.195,-6.226,0.0462,105.015,0.105,4
energetic,0.0502,0.629,0.882,0.000584,0.0971,-5.231,0.0449,105.004,0.436,4
energetic,0.416,0.443,0.726,0.0,0.369,-3.745,0.167,119.824,0.37,4
energetic,0.0093,0.734,0.917,0.0864,0.323,-4.879,0.0642,104.04,0.535,4
energetic,0.014,0.69,0.839,0.000354,0.0668,-3.869,0.0365,127.991,0.366,4
energetic,0.0878,0.809,0.588,7.24e-05,0.171,-5.167,0.0869,146.024,0.249,4
energetic,0.151,0.679,0.662,0.0,0.376,-5.861,0.0773,90.054,0.365,4
energetic,0.0056,0.622,0.622,0.0,0.326,-7.259,0.0289,102.055,0.257,4
energetic,0.0856,0.673,0.85,2.14e-05,0.112,-4.998,0.115,117.986,0.274,4
energetic,0.242,0.66,0.893,0.0,0.31,-4.548,0.186,123.972,0.48,4
energetic,0.0159,0.601,0.845,9.1e-05,0.0845,-4.417,0.0415,99.991,0.187,4
energetic,0.00275,0.508,0.875,0.0,0.319,-3.262,0.0615,160.039,0.14,4
energetic,0.14,0.515,0.857,0.0,0.0724,-3.783,0.0787,128.052,0.304,4
energetic,0.0105,0.844,0.703,3.81e-05,0.13,-4.944,0.0418,118.017,0.708,4
energetic,0.291,0.568,0.942,0.0,0.112,-4.071,0.443,112.502,0.821,4
energetic,0.092,0.426,0.84,0.0,0.308,-3.998,0.0873,149.556,0.522,4
energetic,0.0406,0.69,0.843,0.0,0.0745,-2.855,0.0772,124.99,0.333,4
energetic,0.0887,0.715,0.769,0.0,0.113,-5.763,0.198,96.008,0.617,4
energetic,0.0165,0.46,0.69,0.00297,0.295,-6.943,0.0757,159.892,0.535,4
energetic,0.613,0.667,0.494,0.00248,0.0589,-11.286,0.0283,100.111,0.411,4
energetic,0.0376,0.763,0.857,1.2e-05,0.158,-5.271,0.0844,107.978,0.318,4
energetic,0.0712,0.692,0.857,2.94e-05,0.126,-1.05,0.0281,118.017,0.488,4
energetic,0.0171,0.708,0.908,0.0,0.0814,-3.579,0.184,90.026,0.85,4
energetic,0.0851,0.478,0.748,0.0,0.104,-4.589,0.226,159.773,0.227,4
energetic,0.0865,0.786,0.69,9.03e-05,0.238,-4.665,0.04,122.006,0.485,4
energetic,0.0215,0.572,0.864,0.0,0.375,-4.098,0.0477,149.945,0.26,4
energetic,0.00535,0.762,0.558,5.09e-05,0.0944,-6.863,0.0498,125.997,0.433,4
energetic,0.0037,0.586,0.756,0.000395,0.134,-4.408,0.038,122.011,0.277,4
energetic,0.0112,0.595,0.711,0.000597,0.101,-5.091,0.0428,110.367,0.459,4
energetic,0.135,0.732,0.48,0.0,0.127,-6.776,0.171,120.05,0.638,4
energetic,0.228,0.77,0.76,0.000317,0.0992,-7.379,0.0425,119.963,0.368,4
energetic,0.0388,0.735,0.78,0.000152,0.322,-6.901,0.0422,110.003,0.308,4
energetic,0.0221,0.678,0.608,0.000363,0.296,-7.138,0.0645,135.056,0.263,4
energetic,0.274,0.558,0.877,0.0,0.162,-3.392,0.145,99.988,0.762,4
energetic,0.135,0.694,0.574,0.0,0.184,-6.247,0.0281,92.033,0.471,4
energetic,0.429,0.763,0.839,0.0,0.109,-3.437,0.117,104.977,0.655,4
energetic,0.00351,0.64,0.682,3.11e-05,0.101,-6.313,0.0277,99.999,0.25,4
energetic,0.0706,0.738,0.901,0.0139,0.0753,-2.212,0.0452,109.987,0.646,4
energetic,0.0158,0.678,0.944,0.00874,0.18,-2.339,0.0681,129.929,0.518,4
energetic,0.000486,0.55,0.763,0.0438,0.56,-6.338,0.0437,173.889,0.373,4
energetic,0.0174,0.734,0.713,0.00026,0.133,-6.298,0.0375,123.946,0.209,4
energetic,0.107,0.681,0.922,0.00167,0.0938,-3.592,0.0779,156.071,0.566,4
energetic,0.000483,0.573,0.951,0.00451,0.172,-1.376,0.0421,150.063,0.408,4
energetic,0.00225,0.663,0.855,8.21e-05,0.0943,-6.017,0.0399,121.958,0.367,4
energetic,0.292,0.688,0.832,0.0,0.0749,-5.15,0.075,123.936,0.656,4
energetic,0.0324,0.614,0.839,0.0,0.131,-3.05,0.0429,110.009,0.351,4
energetic,0.0102,0.708,0.754,0.0,0.136,-6.709,0.0468,139.966,0.286,4
energetic,0.0181,0.718,0.704,2.5e-06,0.318,-8.122,0.0337,100.997,0.625,4
energetic,0.288,0.659,0.643,1.47e-05,0.0659,-4.9,0.0353,126.021,0.559,4
energetic,0.0722,0.505,0.785,8.21e-06,0.211,-4.472,0.0439,160.008,0.181,4
energetic,0.225,0.629,0.806,0.0,0.392,-4.535,0.0608,120.04,0.825,4
energetic,0.194,0.434,0.887,2.63e-06,0.173,-4.393,0.349,117.728,0.405,4
energetic,0.217,0.62,0.713,3.3e-06,0.222,-4.753,0.0342,137.957,0.451,4
energetic,0.479,0.555,0.783,0.0,0.0838,-1.888,0.112,149.785,0.329,4
energetic,0.0743,0.618,0.835,0.0,0.649,-4.027,0.0486,119.87,0.666,4
energetic,0.609,0.342,0.278,8.17e-05,0.107,-9.349,0.0352,86.134,0.104,3
energetic,0.00204,0.818,0.731,0.413,0.0525,-3.679,0.115,124.011,0.461,4
energetic,0.012,0.706,0.682,0.0215,0.166,-9.4,0.0969,113.987,0.187,4
energetic,0.035,0.706,0.822,0.00156,0.618,-5.114,0.069,119.997,0.419,4
energetic,0.0132,0.704,0.819,0.000334,0.11,-4.241,0.227,119.006,0.644,4
energetic,0.0149,0.692,0.774,1.02e-05,0.141,-4.228,0.0917,128.033,0.771,4
energetic,0.05,0.665,0.762,0.00175,0.334,-6.117,0.0334,128.0,0.654,4
energetic,0.00595,0.507,0.83,0.13,0.52,-3.728,0.0848,87.522,0.387,4
energetic,0.158,0.712,0.791,0.0,0.144,-5.624,0.234,126.016,0.379,4
energetic,0.568,0.731,0.662,0.00102,0.22,-11.58,0.255,89.927,0.432,4
energetic,0.0948,0.414,0.898,0.00295,0.152,-4.975,0.177,76.514,0.222,5
energetic,0.131,0.748,0.627,0.0,0.0852,-6.029,0.0639,120.963,0.524,4
energetic,0.303,0.782,0.764,1.17e-05,0.433,-4.591,0.0572,111.968,0.526,4
energetic,0.00618,0.725,0.671,0.0,0.0781,-7.903,0.0685,105.045,0.617,4
energetic,0.129,0.517,0.788,0.000163,0.332,-4.398,0.0432,124.908,0.406,4
energetic,0.179,0.713,0.911,0.0022,0.159,-2.347,0.046,140.031,0.496,4
energetic,0.0113,0.733,0.665,4.6e-05,0.193,-7.239,0.164,106.993,0.619,4
energetic,0.359,0.665,0.902,0.0,0.0789,-2.093,0.0432,110.04,0.393,4
energetic,0.0148,0.712,0.663,0.000217,0.0621,-5.326,0.0739,114.995,0.509,4
energetic,0.0197,0.586,0.891,4.65e-05,0.241,-3.799,0.0409,120.031,0.512,4
energetic,0.0964,0.715,0.654,1.9e-05,0.0643,-6.813,0.12,131.695,0.858,4
energetic,0.122,0.782,0.636,0.0,0.0819,-8.975,0.502,112.938,0.699,5
energetic,0.0119,0.537,0.749,0.0,0.154,-4.725,0.109,100.088,0.299,4
energetic,0.011,0.371,0.912,0.0231,0.113,-3.681,0.0508,130.135,0.402,4
energetic,0.032,0.56,0.896,0.000113,0.262,-3.691,0.0673,123.987,0.3,4
energetic,0.186,0.509,0.712,0.0,0.102,-5.747,0.111,99.831,0.653,4
energetic,0.371,0.752,0.783,2.24e-06,0.0784,-4.019,0.0631,123.926,0.665,4
energetic,0.102,0.737,0.792,0.0,0.0532,-4.117,0.0416,104.012,0.543,4
energetic,0.0464,0.727,0.88,0.0323,0.216,-10.779,0.12,94.979,0.628,4
energetic,0.193,0.691,0.673,0.0,0.264,-5.513,0.082,151.116,0.516,4
energetic,0.0577,0.69,0.792,6.28e-05,0.322,-4.317,0.0688,99.984,0.628,4
energetic,0.0325,0.695,0.643,0.000823,0.104,-5.081,0.0321,107.005,0.376,4
energetic,0.00679,0.526,0.606,0.000245,0.306,-7.089,0.0443,139.811,0.356,4
energetic,0.98,0.612,0.23,0.915,0.156,-12.187,0.0314,83.978,0.0632,4
energetic,0.0428,0.69,0.876,0.0,0.147,-4.159,0.059,123.994,0.493,4
energetic,0.0141,0.63,0.748,0.00692,0.132,-6.314,0.0525,110.002,0.481,4
energetic,0.0614,0.727,0.773,0.0,0.0838,-6.524,0.061,100.011,0.574,4
energetic,0.0636,0.438,0.785,0.0,0.331,-5.482,0.254,79.81,0.326,4
energetic,0.292,0.418,0.821,0.0,0.0778,-4.76,0.101,83.575,0.231,4
energetic,0.219,0.484,0.813,0.0,0.106,-6.987,0.101,74.956,0.554,4
energetic,0.132,0.738,0.814,9.64e-06,0.126,-4.414,0.0999,119.041,0.483,4
energetic,0.0323,0.645,0.741,0.0,0.29,-4.989,0.0339,123.07,0.534,4
energetic,0.0134,0.355,0.852,1.98e-05,0.0774,-3.966,0.0632,143.925,0.173,4
energetic,0.0314,0.591,0.737,2.2e-05,0.0987,-4.925,0.0309,105.034,0.43,4
energetic,0.0319,0.42,0.934,0.89,0.0951,-4.505,0.0647,149.991,0.156,4
energetic,0.033,0.602,0.769,9.27e-06,0.102,-5.194,0.0667,160.098,0.331,4
energetic,0.448,0.767,0.862,0.0,0.0806,-3.157,0.0799,125.997,0.767,4
energetic,0.0054,0.658,0.697,0.0,0.267,-6.596,0.143,117.044,0.13,4
energetic,0.148,0.543,0.74,0.00358,0.142,-5.187,0.0557,123.915,0.6,4
energetic,0.022,0.481,0.664,0.000148,0.711,-8.124,0.106,84.913,0.466,4
energetic,0.0143,0.626,0.748,0.0,0.123,-5.899,0.0345,121.067,0.223,4
energetic,0.0535,0.45,0.948,8.88e-05,0.882,-2.503,0.302,89.942,0.674,4
energetic,0.0313,0.708,0.868,0.0,0.122,-3.287,0.0431,124.994,0.72,4
energetic,0.199,0.763,0.787,0.0,0.332,-3.783,0.0607,101.992,0.779,4
energetic,0.0108,0.625,0.91,0.0,0.662,-2.583,0.107,122.067,0.328,4
energetic,0.00318,0.635,0.862,1.36e-06,0.195,-4.655,0.0819,102.024,0.402,4
energetic,0.0919,0.568,0.767,0.0,0.3,-3.634,0.0461,129.931,0.275,4
energetic,0.38,0.753,0.579,0.0,0.176,-6.253,0.127,105.054,0.334,4
energetic,0.165,0.531,0.704,0.0,0.102,-5.958,0.0706,90.004,0.549,4
energetic,0.151,0.775,0.722,0.000724,0.058,-3.502,0.0463,124.037,0.649,4
energetic,0.031,0.706,0.723,0.0,0.0839,-6.143,0.0375,116.991,0.472,4
energetic,0.0128,0.688,0.931,0.0,0.307,-3.561,0.178,124.059,0.471,4
energetic,0.102,0.774,0.807,0.0183,0.41,-3.992,0.045,117.969,0.526,4
energetic,0.0582,0.652,0.635,1.14e-05,0.0764,-4.415,0.0352,100.021,0.601,4
energetic,0.318,0.715,0.581,0.0,0.125,-4.811,0.0384,97.019,0.378,4
energetic,0.0201,0.516,0.894,0.0,0.446,-4.695,0.21,217.97,0.624,4
energetic,0.283,0.587,0.62,0.0,0.128,-6.217,0.0504,99.926,0.143,4
energetic,0.04,0.57,0.489,5.55e-05,0.105,-6.431,0.0397,130.893,0.104,4
energetic,0.11,0.543,0.596,0.000336,0.0998,-8.118,0.238,159.943,0.214,4
energetic,0.141,0.715,0.801,0.000267,0.116,-4.432,0.0359,108.06,0.339,4
energetic,0.032,0.153,0.959,0.0948,0.289,-3.416,0.325,176.048,0.0513,4
energetic,0.0127,0.74,0.802,9.12e-06,0.102,-6.709,0.0515,109.991,0.449,4
energetic,0.125,0.628,0.9,0.0,0.117,-2.974,0.0391,120.007,0.863,4
energetic,0.0079,0.653,0.91,0.0,0.318,-3.36,0.0566,126.047,0.0921,4
energetic,0.00167,0.64,0.972,0.697,0.33,-6.628,0.0883,160.078,0.885,4
energetic,0.0259,0.559,0.624,0.0199,0.313,-6.231,0.0683,169.992,0.211,4
energetic,0.00441,0.698,0.679,0.0,0.159,-6.679,0.194,150.026,0.775,4
energetic,0.0103,0.618,0.727,7.05e-05,0.136,-7.219,0.0795,157.987,0.668,4
energetic,0.0104,0.722,0.718,0.678,0.116,-7.287,0.0539,100.957,0.403,4
energetic,0.199,0.649,0.865,0.0,0.064,-2.299,0.05,124.031,0.428,4
energetic,0.0449,0.785,0.756,2.65e-06,0.0854,-3.657,0.211,96.988,0.715,4
energetic,0.00662,0.515,0.587,0.0,0.14,-7.136,0.0383,148.044,0.361,4
energetic,0.0337,0.664,0.708,0.0,0.0841,-4.154,0.0474,103.07,0.742,4
energetic,0.0739,0.691,0.839,1.49e-05,0.0984,-4.021,0.148,110.021,0.913,4
energetic,0.191,0.515,0.638,1.18e-06,0.14,-7.558,0.356,160.182,0.38,4
energetic,0.00534,0.663,0.84,0.342,0.169,-5.618,0.0453,108.022,0.2,4
energetic,0.369,0.619,0.761,6.04e-06,0.0808,-6.37,0.224,150.844,0.314,4
energetic,0.408,0.749,0.514,0.831,0.113,-7.8,0.0388,92.996,0.281,4
energetic,0.0482,0.71,0.863,3.51e-05,0.0886,-3.571,0.0483,110.065,0.276,4
energetic,0.264,0.641,0.838,0.0,0.561,-3.292,0.329,106.757,0.628,5
energetic,0.15,0.772,0.909,0.538,0.0392,-3.105,0.148,85.994,0.591,4
energetic,0.0501,0.544,0.645,0.0,0.185,-6.668,0.0409,109.954,0.236,4
energetic,0.00131,0.741,0.906,2.78e-06,0.253,-4.627,0.118,125.984,0.609,4
energetic,0.155,0.566,0.7,0.0,0.0701,-6.38,0.0731,99.982,0.197,4
energetic,0.00794,0.901,0.934,7.68e-05,0.194,-2.345,0.273,150.037,0.868,4
energetic,0.137,0.766,0.396,0.0436,0.052,-12.673,0.0406,113.005,0.187,4
energetic,0.0108,0.769,0.465,0.506,0.206,-9.158,0.0652,117.82,0.363,4
energetic,0.00795,0.717,0.726,0.863,0.0849,-8.611,0.0927,123.01,0.538,4
sad,0.678,0.626,0.286,0.0,0.134,-9.933,0.0374,84.954,0.366,4
sad,0.785,0.667,0.373,0.0,0.0906,-9.389,0.05,124.148,0.0823,4
sad,0.946,0.736,0.308,0.0,0.186,-7.83,0.0677,111.202,0.361,4
sad,0.721,0.585,0.436,1.31e-05,0.105,-8.761,0.0601,143.874,0.132,4
sad,0.721,0.585,0.436,1.31e-05,0.105,-8.761,0.0601,143.874,0.132,4
sad,0.839,0.567,0.267,1.46e-06,0.089,-6.502,0.0299,110.011,0.0592,4
sad,0.978,0.367,0.111,3.97e-05,0.0897,-14.084,0.0972,82.642,0.198,4
sad,0.874,0.439,0.153,0.0,0.107,-8.95,0.0479,116.76,0.104,3
sad,0.953,0.471,0.229,0.0,0.0909,-6.504,0.0358,68.41,0.358,3
sad,0.953,0.471,0.229,0.0,0.0909,-6.504,0.0358,68.41,0.358,3
sad,0.584,0.357,0.425,0.0,0.322,-7.301,0.0333,102.078,0.27,3
sad,0.584,0.357,0.425,0.0,0.322,-7.301,0.0333,102.078,0.27,3
sad,0.0364,0.552,0.643,0.74,0.105,-7.36,0.0327,120.012,0.212,4
sad,0.91,0.473,0.147,0.000935,0.0981,-14.932,0.038,61.272,0.0767,4
sad,0.747,0.732,0.304,6.13e-05,0.143,-13.086,0.111,139.965,0.185,4
sad,0.842,0.592,0.256,2.38e-06,0.088,-14.031,0.0449,76.361,0.103,4
sad,0.768,0.629,0.328,2.5e-05,0.103,-8.284,0.029,74.953,0.389,4
sad,0.768,0.629,0.328,2.5e-05,0.103,-8.284,0.029,74.953,0.389,4
sad,0.818,0.546,0.311,1.65e-05,0.107,-10.396,0.0288,147.464,0.246,4
sad,0.363,0.346,0.386,0.0,0.158,-6.55,0.0369,82.37,0.348,4
sad,0.979,0.571,0.172,0.275,0.124,-20.7,0.0318,90.972,0.297,4
sad,0.61,0.588,0.477,0.00188,0.122,-12.71,0.0492,150.396,0.488,4
sad,0.608,0.536,0.165,0.0,0.11,-14.658,0.0338,138.758,0.15,3
sad,0.893,0.554,0.321,0.0,0.0996,-8.251,0.028,135.047,0.288,4
sad,0.892,0.51,0.355,0.0,0.133,-6.883,0.0287,141.796,0.453,4
sad,0.393,0.443,0.466,0.647,0.165,-9.209,0.0302,127.493,0.19,4
sad,0.778,0.407,0.308,1.46e-05,0.092,-9.001,0.0296,73.254,0.153,3
sad,0.818,0.274,0.182,0.0688,0.153,-16.843,0.033,156.763,0.0973,4
sad,0.585,0.679,0.61,9.51e-05,0.156,-10.936,0.0305,123.978,0.554,4
sad,0.585,0.679,0.61,9.51e-05,0.156,-10.936,0.0305,123.978,0.554,4
sad,0.835,0.847,0.254,1.98e-05,0.527,-13.551,0.0667,117.987,0.381,4
sad,0.835,0.847,0.254,1.98e-05,0.527,-13.551,0.0667,117.987,0.381,4
sad,0.988,0.235,0.187,0.00197,0.106,-12.754,0.0347,85.962,0.118,4
sad,0.519,0.839,0.42,0.0,0.151,-11.375,0.0468,126.022,0.568,4
sad,0.393,0.714,0.4,0.000718,0.109,-8.264,0.0618,81.974,0.318,4
sad,0.164,0.209,0.417,0.00196,0.113,-8.74,0.0338,138.178,0.124,4
sad,0.316,0.354,0.456,1.39e-05,0.115,-11.524,0.147,155.712,0.246,4
sad,0.807,0.432,0.34,0.0,0.0864,-7.977,0.0824,135.172,0.449,4
sad,0.969,0.443,0.369,0.277,0.638,-9.514,0.0441,174.107,0.0989,3
sad,0.8,0.39,0.448,0.182,0.107,-8.57,0.0276,144.89,0.077,5
sad,0.463,0.778,0.462,0.583,0.11,-12.729,0.0359,105.45,0.817,4
sad,0.816,0.626,0.453,1.91e-06,0.0904,-9.295,0.0306,129.958,0.494,4
sad,0.604,0.459,0.575,0.0,0.0885,-4.858,0.0573,111.881,0.183,4
sad,0.902,0.398,0.0887,1.76e-06,0.0873,-13.683,0.0334,74.797,0.356,4
sad,0.607,0.795,0.178,0.0,0.623,-11.991,0.0574,93.982,0.608,4
sad,0.934,0.351,0.296,0.0,0.095,-10.109,0.0333,115.284,0.12,4
sad,0.319,0.47,0.46,1.45e-05,0.115,-11.598,0.0613,116.821,0.322,4
sad,0.906,0.373,0.178,0.558,0.109,-15.52,0.0303,108.605,0.0933,4
sad,0.496,0.395,0.495,0.0378,0.12,-9.087,0.0329,168.01,0.517,4
sad,0.893,0.581,0.4,0.576,0.161,-8.739,0.0291,112.331,0.433,4
sad,0.864,0.691,0.236,0.0,0.191,-9.348,0.0418,117.945,0.589,3
sad,0.317,0.48,0.561,0.00641,0.184,-5.874,0.027,164.791,0.541,4
sad,0.885,0.501,0.167,0.0,0.111,-14.061,0.0484,112.275,0.356,3
sad,0.491,0.772,0.256,0.00612,0.144,-8.545,0.0481,118.902,0.357,3
sad,0.891,0.44,0.306,0.0,0.103,-8.947,0.0363,117.288,0.201,4
sad,0.321,0.941,0.421,9.34e-05,0.0967,-7.918,0.0583,107.011,0.787,4
sad,0.935,0.542,0.0957,6.4e-06,0.182,-14.518,0.0404,134.739,0.259,4
sad,0.816,0.554,0.295,0.541,0.103,-13.619,0.098,200.144,0.206,4
sad,0.114,0.189,0.426,0.0885,0.058,-9.084,0.045,187.281,0.159,3
sad,0.771,0.535,0.359,0.0,0.111,-9.343,0.0607,154.163,0.488,4
sad,0.811,0.236,0.249,1e-06,0.087,-9.595,0.0348,72.847,0.181,5
sad,0.835,0.604,0.179,0.0,0.162,-15.383,0.0339,124.982,0.391,3
sad,0.537,0.722,0.344,0.952,0.134,-12.63,0.0654,140.047,0.404,4
sad,0.985,0.648,0.177,0.000353,0.134,-13.474,0.0311,99.101,0.236,3
sad,0.972,0.368,0.121,0.0322,0.0871,-13.778,0.0315,133.148,0.0956,4
sad,0.755,0.486,0.356,0.861,0.0986,-13.649,0.0318,117.141,0.111,4
sad,0.84,0.472,0.305,0.0,0.142,-11.465,0.0295,165.9,0.584,4
sad,0.885,0.264,0.122,0.349,0.094,-15.399,0.0349,148.658,0.0735,4
sad,0.894,0.693,0.195,0.0325,0.126,-15.278,0.0446,116.725,0.315,4
sad,0.851,0.608,0.174,1.92e-05,0.0855,-8.796,0.0332,112.175,0.193,4
sad,0.544,0.587,0.468,0.000154,0.1,-10.316,0.0386,82.426,0.176,3
sad,0.962,0.348,0.226,0.00483,0.135,-10.918,0.0386,129.251,0.173,3
sad,0.735,0.481,0.262,0.0114,0.832,-15.73,0.0414,122.883,0.375,4
sad,0.868,0.708,0.186,0.0,0.0779,-8.953,0.0422,72.541,0.321,4
sad,0.95,0.561,0.0587,0.0,0.0828,-17.819,0.0762,143.027,0.342,1
sad,0.889,0.455,0.292,0.0,0.106,-6.792,0.0563,84.339,0.43,5
sad,0.928,0.423,0.0657,1.4e-06,0.0922,-14.421,0.0386,98.489,0.105,3
sad,0.841,0.713,0.452,0.0038,0.105,-9.638,0.0295,102.963,0.235,4
sad,0.841,0.713,0.452,0.0038,0.105,-9.638,0.0295,102.963,0.235,4
sad,0.922,0.422,0.264,0.0,0.132,-7.064,0.0322,119.93,0.331,4
sad,0.17,0.868,0.415,0.19,0.0904,-12.929,0.0532,120.002,0.732,4
sad,0.935,0.494,0.267,5.58e-05,0.128,-11.54,0.0308,115.117,0.166,3
sad,0.743,0.601,0.537,0.732,0.143,-9.464,0.0296,144.994,0.394,3
sad,0.9,0.455,0.317,0.0,0.0962,-8.031,0.0448,71.113,0.44,1
sad,0.0204,0.612,0.463,0.653,0.183,-7.653,0.035,76.98,0.17,4
sad,0.934,0.415,0.456,0.0,0.49,-7.315,0.106,181.452,0.72,3
sad,0.917,0.38,0.219,0.0104,0.0827,-13.273,0.0358,73.537,0.0517,4
sad,0.568,0.282,0.476,0.0185,0.157,-6.524,0.0274,187.604,0.186,3
sad,0.68,0.551,0.249,0.0022,0.112,-11.392,0.06,156.02,0.257,3
sad,0.618,0.636,0.319,1.7e-06,0.125,-10.065,0.0718,74.109,0.378,4
sad,0.862,0.49,0.193,9.74e-06,0.113,-9.544,0.0421,89.154,0.184,4
sad,0.899,0.537,0.201,0.00163,0.077,-12.948,0.033,134.087,0.196,4
sad,0.948,0.327,0.101,0.0,0.0945,-13.949,0.0525,171.734,0.0866,4
sad,0.0102,0.515,0.43,0.000141,0.129,-9.935,0.0369,91.841,0.104,4
sad,0.171,0.735,0.336,0.000332,0.118,-12.483,0.0812,117.312,0.557,4
sad,0.786,0.67,0.293,0.0,0.215,-10.56,0.0486,66.974,0.36,4
sad,0.111,0.628,0.587,0.0,0.156,-5.195,0.0441,140.01,0.4,4
sad,0.757,0.605,0.319,0.00237,0.116,-10.892,0.0306,109.599,0.273,4
sad,0.877,0.322,0.246,0.0064,0.113,-12.154,0.0323,168.879,0.175,3
sad,0.775,0.496,0.199,0.882,0.346,-17.063,0.169,82.068,0.253,4
sad,0.139,0.552,0.915,0.949,0.146,-4.421,0.0616,160.02,0.126,4
sad,0.975,0.236,0.33,0.126,0.116,-10.085,0.0325,86.546,0.0827,4
sad,0.668,0.725,0.258,2.63e-05,0.0955,-14.065,0.255,127.876,0.173,3
sad,0.915,0.602,0.201,8.28e-05,0.0952,-17.024,0.0363,95.345,0.385,4
sad,0.837,0.34,0.388,8.19e-05,0.316,-9.455,0.041,79.268,0.22,4
sad,0.488,0.503,0.504,1.59e-06,0.122,-6.843,0.416,85.39,0.67,4
sad,0.705,0.551,0.537,0.0,0.0802,-7.595,0.034,126.421,0.493,4
sad,0.362,0.545,0.255,1.77e-05,0.0841,-14.844,0.0311,98.088,0.831,4
sad,0.314,0.276,0.251,6.05e-06,0.122,-9.078,0.0295,95.705,0.18,4
sad,0.299,0.679,0.513,0.315,0.113,-10.889,0.041,100.024,0.137,4
sad,0.274,0.404,0.48,8.63e-06,0.132,-8.906,0.0303,129.162,0.2,3
sad,0.835,0.572,0.155,0.000137,0.0906,-14.405,0.0344,109.923,0.0949,3
sad,0.548,0.763,0.372,0.000638,0.116,-7.07,0.0683,85.01,0.76,4
sad,0.848,0.284,0.262,0.00483,0.0966,-9.869,0.028,98.66,0.107,4
sad,0.956,0.552,0.126,0.0153,0.109,-18.014,0.0306,92.441,0.439,4
sad,0.63,0.383,0.446,0.0,0.0946,-8.693,0.0382,77.399,0.213,4
sad,0.91,0.555,0.284,0.0,0.11,-9.788,0.027,77.037,0.276,4
sad,0.794,0.593,0.229,0.0,0.167,-8.888,0.0307,117.823,0.42,4
sad,0.00273,0.466,0.682,2.69e-05,0.0972,-9.648,0.0355,125.97,0.323,4
sad,0.939,0.648,0.115,3.88e-05,0.11,-17.133,0.0445,119.967,0.29,4
sad,0.641,0.489,0.357,0.333,0.0838,-9.745,0.0259,92.009,0.0388,4
sad,0.913,0.561,0.0848,2.62e-05,0.112,-15.099,0.0404,102.128,0.206,4
sad,0.901,0.242,0.137,0.0105,0.167,-16.332,0.0322,92.454,0.0644,3
sad,0.613,0.669,0.258,0.00134,0.088,-15.843,0.0556,140.101,0.24,3
sad,0.867,0.523,0.438,0.0723,0.123,-11.49,0.0356,126.028,0.106,4
sad,0.25,0.524,0.323,7.57e-05,0.107,-6.06,0.0262,79.787,0.236,4
sad,0.913,0.346,0.139,7.73e-05,0.0934,-15.326,0.0321,136.168,0.116,4
sad,0.232,0.76,0.337,0.0,0.115,-12.594,0.085,104.98,0.508,4
sad,0.587,0.572,0.406,4.48e-06,0.102,-8.624,0.0427,119.812,0.265,4
sad,0.0143,0.316,0.769,0.0,0.0928,-5.285,0.0422,122.458,0.118,4
sad,0.616,0.631,0.402,0.0114,0.0892,-11.125,0.0286,78.0,0.598,4
sad,0.562,0.417,0.403,0.0282,0.113,-10.478,0.0291,105.807,0.169,4
sad,0.905,0.684,0.0646,1.86e-05,0.0789,-18.052,0.0522,95.99,0.334,3
sad,0.787,0.619,0.523,0.0,0.128,-6.876,0.279,121.957,0.132,4
sad,0.449,0.355,0.452,3.71e-05,0.371,-8.42,0.0265,83.93,0.351,4
sad,0.966,0.559,0.164,0.00183,0.0658,-15.463,0.0356,121.558,0.228,4
sad,0.815,0.431,0.144,1.1e-06,0.124,-12.07,0.039,137.683,0.0491,4
sad,0.632,0.9,0.255,3.91e-05,0.0953,-12.664,0.221,94.978,0.483,4
sad,0.808,0.61,0.275,0.913,0.403,-10.644,0.028,94.088,0.552,4
sad,0.815,0.678,0.235,1.78e-05,0.233,-10.123,0.0375,129.955,0.0383,4
sad,0.0194,0.369,0.467,0.46,0.109,-9.018,0.0274,94.473,0.174,4
sad,0.647,0.487,0.279,0.00185,0.11,-11.586,0.0265,139.362,0.162,4
sad,0.396,0.648,0.28,0.0785,0.106,-11.961,0.0333,120.058,0.0393,4
sad,0.922,0.597,0.131,0.206,0.25,-20.367,0.033,133.827,0.524,3
sad,0.92,0.501,0.169,0.0,0.0874,-13.825,0.0483,122.355,0.0974,3
sad,0.852,0.656,0.181,0.0,0.061,-8.544,0.0322,111.438,0.342,4
sad,0.914,0.338,0.15,0.288,0.116,-12.7,0.032,101.94,0.172,4
sad,0.823,0.296,0.351,1.45e-06,0.11,-9.538,0.0352,177.06,0.19,3
sad,0.758,0.441,0.324,1.69e-06,0.448,-8.788,0.03,78.547,0.215,4
sad,0.752,0.261,0.434,0.00639,0.105,-10.649,0.0333,117.291,0.0921,4
sad,0.826,0.676,0.2,0.0289,0.144,-17.735,0.0282,104.016,0.176,4
sad,0.161,0.531,0.461,1.62e-06,0.132,-11.176,0.0437,75.036,0.162,4
sad,0.883,0.414,0.161,0.000223,0.117,-22.32,0.0318,159.375,0.423,4
sad,0.698,0.324,0.208,2.89e-05,0.11,-8.848,0.0288,166.366,0.193,3
sad,0.809,0.315,0.29,0.0,0.1,-12.247,0.0456,174.137,0.237,3
sad,0.755,0.538,0.338,5.68e-05,0.848,-12.098,0.0282,89.93,0.33,4
sad,0.819,0.722,0.72,8.72e-05,0.182,-4.688,0.0643,100.993,0.561,4
sad,0.938,0.402,0.102,0.000278,0.112,-21.048,0.0401,132.248,0.307,4
sad,0.856,0.428,0.285,0.000329,0.0812,-17.293,0.0292,134.979,0.227,4
sad,0.921,0.468,0.205,0.0,0.107,-11.014,0.0412,125.343,0.325,4
sad,0.713,0.567,0.267,0.0548,0.106,-13.758,0.0289,117.961,0.0856,4
sad,0.781,0.261,0.263,2.44e-05,0.105,-9.41,0.0361,74.942,0.0848,3
sad,0.964,0.427,0.127,1.92e-06,0.109,-12.731,0.0419,76.357,0.259,4
sad,0.781,0.681,0.283,0.00371,0.114,-11.496,0.0296,111.05,0.221,4
sad,0.619,0.467,0.329,0.0,0.0924,-5.964,0.0402,175.23,0.277,3
sad,0.652,0.564,0.262,0.000204,0.0896,-19.746,0.105,104.5,0.376,4
sad,0.715,0.606,0.226,0.0001,0.35,-10.617,0.0347,122.711,0.142,4
sad,0.15,0.369,0.781,0.000236,0.124,-6.973,0.076,173.728,0.369,4
sad,0.953,0.418,0.111,0.00342,0.0982,-14.848,0.0389,82.508,0.228,4
sad,0.94,0.525,0.0632,0.763,0.105,-23.321,0.0305,79.273,0.24,4
sad,0.966,0.441,0.148,0.00012,0.0843,-12.48,0.0601,69.948,0.25,4
sad,0.468,0.705,0.316,4.25e-05,0.117,-12.64,0.0355,122.012,0.443,4
sad,0.973,0.441,0.104,0.354,0.119,-22.399,0.0459,120.266,0.156,4
sad,0.886,0.6,0.257,4.9e-06,0.105,-7.177,0.0338,149.469,0.214,4
sad,0.8,0.352,0.455,0.88,0.106,-9.077,0.0282,98.298,0.102,4
sad,0.854,0.644,0.394,3.14e-05,0.108,-10.502,0.0264,95.008,0.43,4
sad,0.813,0.62,0.447,0.000221,0.111,-9.383,0.147,86.647,0.612,4
sad,0.649,0.534,0.392,0.000227,0.0948,-7.636,0.0267,90.379,0.163,4
sad,0.626,0.466,0.496,6.22e-06,0.117,-6.606,0.0302,74.747,0.352,4
sad,0.0151,0.693,0.678,5.71e-06,0.101,-7.159,0.0324,103.952,0.404,4
sad,0.962,0.323,0.119,0.000348,0.106,-17.892,0.05,89.862,0.176,4
sad,0.566,0.5,0.418,0.000193,0.11,-6.535,0.0377,84.899,0.176,4
sad,0.295,0.312,0.374,0.0171,0.101,-9.77,0.0293,106.073,0.0967,4
sad,0.851,0.477,0.167,0.000701,0.136,-13.478,0.0353,128.018,0.104,4
sad,0.537,0.556,0.446,0.0,0.249,-8.328,0.03,96.043,0.307,4
sad,0.983,0.531,0.118,0.0251,0.111,-14.455,0.0444,129.259,0.148,4
sad,0.0763,0.466,0.634,0.0,0.0678,-5.3,0.0289,128.992,0.324,4
sad,0.371,0.363,0.355,7.43e-05,0.0814,-9.877,0.0457,180.364,0.19,4
sad,0.946,0.432,0.49,0.262,0.173,-10.01,0.0283,93.207,0.335,4
sad,0.772,0.545,0.164,0.0107,0.0749,-17.384,0.0276,88.09,0.14,4
sad,0.896,0.786,0.355,0.0201,0.111,-11.429,0.0288,99.978,0.479,4
sad,0.978,0.59,0.242,0.000124,0.0906,-11.724,0.0516,126.721,0.366,4
sad,0.725,0.4,0.391,0.0,0.0884,-7.924,0.0666,164.544,0.446,3
sad,0.381,0.502,0.326,0.0,0.0889,-7.145,0.0261,77.03,0.068,4
sad,0.786,0.599,0.102,3.52e-06,0.133,-15.901,0.0333,133.682,0.124,4
sad,0.902,0.419,0.231,0.00235,0.111,-8.628,0.0358,71.498,0.189,5
sad,0.922,0.459,0.187,0.0,0.0939,-9.326,0.0361,96.983,0.0625,4
sad,0.638,0.639,0.252,0.0178,0.109,-14.987,0.0284,91.289,0.394,4
sad,0.906,0.572,0.234,0.000347,0.258,-12.624,0.0343,118.787,0.148,3
sad,0.372,0.432,0.438,0.00472,0.129,-8.743,0.0276,119.812,0.207,4
sad,0.587,0.453,0.209,0.0,0.119,-11.917,0.223,169.316,0.216,4
sad,0.829,0.491,0.294,0.00125,0.117,-12.338,0.0379,116.64,0.199,4
sad,0.373,0.612,0.601,0.0,0.156,-7.809,0.0421,125.164,0.368,4
sad,0.534,0.52,0.449,0.000182,0.0938,-11.919,0.0367,96.103,0.0642,4
sad,0.312,0.388,0.66,0.000307,0.0943,-7.372,0.0308,143.554,0.401,4
sad,0.158,0.712,0.791,0.0,0.144,-5.624,0.234,126.016,0.379,4
sad,0.568,0.731,0.662,0.00102,0.22,-11.58,0.255,89.927,0.432,4
sad,0.698,0.623,0.292,9.86e-06,0.121,-12.26,0.0313,118.007,0.161,4
sad,0.779,0.594,0.26,0.0,0.0924,-9.062,0.0601,84.648,0.303,3
sad,0.699,0.367,0.326,0.358,0.0759,-15.605,0.0344,116.659,0.064,4
sad,0.782,0.63,0.441,0.0489,0.101,-12.781,0.0258,99.973,0.268,4
sad,0.363,0.371,0.109,0.013,0.0641,-14.539,0.0308,142.108,0.0378,3
sad,0.958,0.521,0.15,0.0258,0.083,-11.852,0.0316,117.172,0.0394,4
sad,0.0522,0.635,0.557,2.17e-05,0.13,-10.915,0.0263,105.079,0.311,4
sad,0.949,0.62,0.11,6.28e-06,0.16,-13.704,0.0416,111.362,0.211,4
sad,0.751,0.501,0.405,0.0,0.105,-5.679,0.0319,109.891,0.446,4
sad,0.654,0.754,0.503,0.00617,0.309,-10.88,0.0622,123.927,0.467,4
sad,0.952,0.445,0.179,0.00056,0.107,-12.938,0.0396,72.246,0.119,4
sad,0.753,0.638,0.259,0.0,0.219,-10.706,0.0898,88.485,0.269,4
sad,0.695,0.445,0.537,1.65e-05,0.0944,-8.532,0.04,122.769,0.131,4
sad,0.854,0.824,0.3,0.0,0.174,-6.678,0.0565,112.867,0.227,4
sad,0.701,0.311,0.485,0.0,0.0726,-5.726,0.0365,77.355,0.225,4
sad,0.0723,0.616,0.576,0.0,0.375,-5.495,0.0532,89.962,0.269,4
sad,0.884,0.629,0.306,0.0776,0.124,-11.735,0.0424,76.994,0.191,1
sad,0.884,0.629,0.306,0.0776,0.124,-11.735,0.0424,76.994,0.191,1
sad,0.688,0.478,0.339,0.0,0.104,-7.355,0.0544,145.441,0.288,4
sad,0.748,0.563,0.382,0.0,0.0714,-11.138,0.0404,120.802,0.197,4
sad,0.841,0.53,0.271,0.0,0.103,-9.847,0.0491,101.796,0.392,4
sad,0.754,0.372,0.355,0.0,0.167,-8.436,0.03,126.705,0.142,4
sad,0.62,0.473,0.309,0.0,0.152,-9.086,0.0332,135.791,0.316,4
sad,0.882,0.628,0.303,0.0,0.101,-8.63,0.0319,114.762,0.47,4
sad,0.737,0.495,0.333,0.0,0.112,-10.109,0.0288,99.757,0.37,4
sad,0.895,0.535,0.314,0.00015,0.0874,-12.823,0.0408,145.095,0.0663,4
sad,0.895,0.535,0.314,0.00015,0.0874,-12.823,0.0408,145.095,0.0663,4
sad,0.886,0.438,0.309,1.78e-06,0.21,-9.022,0.0565,137.705,0.314,4
sad,0.871,0.366,0.269,0.0,0.101,-9.197,0.0439,127.523,0.238,4
sad,0.937,0.634,0.285,0.000359,0.232,-14.007,0.0807,129.65,0.203,4
sad,0.943,0.448,0.247,3.61e-05,0.109,-10.454,0.0466,134.5,0.276,4
sad,0.0175,0.565,0.586,0.0,0.204,-7.726,0.0363,147.986,0.43,4
sad,0.0151,0.642,0.392,0.0,0.352,-7.846,0.0372,138.065,0.0479,4
sad,0.798,0.391,0.223,7.82e-06,0.219,-15.361,0.0346,100.033,0.147,4
sad,0.863,0.378,0.47,0.0,0.0954,-10.095,0.197,75.955,0.602,4
sad,0.679,0.463,0.411,0.0,0.0453,-8.25,0.0414,147.3,0.163,4
sad,0.627,0.452,0.325,0.0,0.0645,-8.687,0.0337,97.987,0.33,4
sad,0.662,0.516,0.467,0.0,0.0853,-6.184,0.0302,132.861,0.386,4
sad,0.897,0.429,0.214,0.0,0.105,-12.261,0.242,77.849,0.189,4
sad,0.897,0.429,0.214,0.0,0.105,-12.261,0.242,77.849,0.189,4
sad,0.43,0.674,0.676,3.13e-05,0.108,-6.878,0.0367,78.99,0.919,4
sad,0.969,0.403,0.245,4.74e-05,0.119,-11.862,0.0569,128.333,0.148,4
sad,0.517,0.394,0.35,0.0,0.0738,-7.751,0.0323,125.941,0.163,4
sad,0.648,0.654,0.756,0.0,0.0995,-3.594,0.0534,103.551,0.475,4
sad,0.276,0.716,0.661,0.0,0.349,-4.503,0.0543,81.451,0.407,4
sad,0.407,0.448,0.34,4.44e-06,0.107,-8.048,0.0337,102.696,0.15,4
sad,0.872,0.73,0.205,0.0593,0.095,-15.489,0.0957,124.989,0.206,4
sad,0.0743,0.618,0.835,0.0,0.649,-4.027,0.0486,119.87,0.666,4
sad,0.609,0.342,0.278,8.17e-05,0.107,-9.349,0.0352,86.134,0.104,3
sad,0.878,0.464,0.268,0.0,0.0939,-10.288,0.0464,143.755,0.167,4
sad,0.781,0.34,0.398,6.08e-05,0.193,-8.156,0.0711,171.391,0.197,3
sad,0.841,0.489,0.284,0.0,0.137,-8.699,0.0508,186.337,0.335,4
sad,0.592,0.618,0.428,0.0,0.192,-8.5,0.038,142.021,0.359,4
sad,0.865,0.801,0.143,0.0,0.132,-10.698,0.0475,119.891,0.562,4
sad,0.553,0.523,0.377,0.0,0.116,-7.914,0.0293,139.897,0.234,4
sad,0.337,0.461,0.452,0.0,0.269,-6.529,0.0366,168.074,0.282,3
sad,0.448,0.73,0.688,0.0,0.0954,-7.56,0.0307,135.986,0.694,4
sad,0.926,0.549,0.186,0.0004,0.151,-13.781,0.0274,110.152,0.199,4
sad,0.0122,0.724,0.438,2.91e-05,0.0954,-8.477,0.0285,99.947,0.322,4
sad,0.74,0.378,0.265,0.0643,0.101,-10.336,0.0292,76.097,0.182,4
sad,0.857,0.487,0.234,0.0,0.195,-6.919,0.0441,179.239,0.54,4
sad,0.728,0.49,0.416,0.0,0.0694,-7.702,0.127,125.928,0.236,4
sad,0.888,0.498,0.432,0.617,0.136,-7.297,0.0296,132.928,0.126,4
sad,0.879,0.401,0.215,0.0,0.134,-10.349,0.0649,172.109,0.166,5
sad,0.647,0.503,0.525,0.0,0.104,-7.79,0.134,115.6,0.681,4
sad,0.423,0.665,0.61,0.0,0.127,-7.655,0.0436,127.976,0.473,4
sad,0.355,0.56,0.712,1.83e-05,0.212,-7.862,0.0574,80.919,0.375,4
sad,0.622,0.363,0.339,0.000107,0.0968,-10.208,0.133,178.405,0.0484,3
sad,0.864,0.497,0.118,4.13e-05,0.116,-11.996,0.0318,95.113,0.164,3
sad,0.0212,0.68,0.826,1.24e-05,0.543,-5.487,0.0309,118.051,0.644,4
sad,0.00194,0.593,0.751,0.0,0.0752,-7.126,0.0314,145.005,0.266,4
sad,0.264,0.816,0.495,0.00971,0.0926,-9.428,0.0372,116.992,0.764,4
sad,0.369,0.689,0.481,1.03e-06,0.0649,-7.503,0.0815,80.025,0.283,4
sad,0.524,0.449,0.465,1.02e-06,0.303,-8.964,0.0791,89.087,0.543,3
sad,0.459,0.481,0.515,1.88e-06,0.0701,-9.13,0.0551,135.318,0.188,4
sad,0.512,0.523,0.606,0.0,0.106,-4.754,0.0301,145.837,0.065,4
sad,0.818,0.45,0.329,0.00109,0.135,-12.603,0.0441,71.884,0.266,3
sad,0.621,0.728,0.563,0.0,0.179,-8.053,0.134,100.017,0.352,4
sad,0.731,0.726,0.431,0.0,0.696,-8.765,0.135,144.026,0.348,4
sad,0.0291,0.589,0.651,3.2e-06,0.111,-5.097,0.0306,90.011,0.166,4
sad,0.932,0.612,0.28,0.0,0.088,-8.648,0.0434,72.795,0.387,4
sad,0.117,0.778,0.348,0.366,0.396,-11.291,0.0712,83.975,0.345,4
sad,0.329,0.471,0.431,0.0,0.0854,-6.129,0.0342,157.98,0.289,4
sad,0.0493,0.695,0.601,0.00172,0.116,-5.631,0.0286,94.983,0.135,4
sad,0.469,0.618,0.443,0.0,0.0829,-9.681,0.0526,119.949,0.167,4
sad,0.837,0.764,0.32,0.0,0.0822,-7.209,0.0546,91.019,0.575,4
sad,0.173,0.655,0.469,0.0,0.0956,-6.257,0.0292,92.56,0.467,4
sad,0.346,0.778,0.547,0.000302,0.132,-7.273,0.0489,95.002,0.441,4
sad,0.431,0.692,0.754,0.00598,0.333,-6.608,0.0919,104.981,0.564,4
sad,0.138,0.73,0.77,0.0,0.0473,-5.114,0.0298,104.948,0.507,4
sad,0.146,0.706,0.558,0.0,0.118,-7.237,0.0593,110.443,0.227,4
sad,0.545,0.679,0.487,3.36e-05,0.0772,-5.811,0.0352,81.994,0.506,4
sad,0.593,0.471,0.335,2.11e-05,0.297,-8.767,0.0273,145.252,0.111,3
sad,0.0252,0.657,0.588,0.0,0.087,-6.005,0.0272,118.022,0.105,4
sad,0.135,0.376,0.695,0.0,0.11,-4.782,0.0933,169.533,0.302,4
sad,0.299,0.553,0.502,0.0,0.764,-5.972,0.0409,129.976,0.296,4
sad,0.297,0.752,0.488,9.11e-06,0.0936,-7.05,0.0705,136.041,0.533,4
sad,0.816,0.511,0.363,0.0317,0.084,-7.65,0.041,144.892,0.169,4
sad,0.64,0.681,0.372,0.0,0.169,-8.237,0.0432,91.873,0.476,4
sad,0.1,0.433,0.724,0.0,0.0918,-6.126,0.0372,174.006,0.689,4
sad,0.211,0.449,0.599,0.0,0.327,-4.892,0.0369,134.144,0.165,3
sad,0.556,0.488,0.343,0.0,0.21,-8.985,0.0436,102.819,0.0978,4
sad,0.656,0.395,0.288,0.0,0.116,-10.465,0.0345,130.571,0.189,4
sad,0.0631,0.735,0.451,1.3e-05,0.325,-8.374,0.0585,117.973,0.0862,4
sad,0.864,0.631,0.239,0.0,0.116,-7.071,0.0398,79.859,0.0927,4
sad,0.44,0.761,0.525,6.7e-06,0.0921,-6.9,0.0944,80.87,0.531,4
sad,0.183,0.476,0.686,0.0,0.0997,-5.019,0.11,152.617,0.243,4
sad,0.0188,0.743,0.752,0.0,0.287,-4.813,0.0414,110.015,0.545,4
sad,0.273,0.413,0.64,0.0,0.11,-5.811,0.0427,75.245,0.149,4
sad,0.785,0.45,0.335,1.25e-06,0.0979,-7.464,0.0298,109.908,0.25,4
sad,0.0833,0.689,0.706,0.0,0.105,-4.48,0.0312,106.52,0.623,4
sad,0.0676,0.652,0.383,0.0,0.0828,-7.076,0.0516,145.765,0.549,4
sad,0.00258,0.783,0.639,0.0214,0.0387,-6.279,0.0369,122.988,0.878,4
sad,0.0981,0.672,0.642,0.0,0.1,-4.035,0.0313,121.981,0.494,4
sad,0.188,0.638,0.656,0.0,0.146,-5.886,0.0357,104.036,0.225,4
sad,0.254,0.583,0.584,0.0,0.123,-5.362,0.0314,140.039,0.136,4
sad,0.0521,0.466,0.759,0.0,0.0587,-4.978,0.199,160.033,0.328,4
sad,0.63,0.605,0.365,6.83e-06,0.0554,-11.144,0.111,84.628,0.224,4
sad,0.643,0.599,0.465,1.57e-06,0.149,-4.95,0.0314,113.82,0.0678,4
sad,0.121,0.687,0.717,0.000849,0.489,-4.789,0.0873,75.98,0.418,4
sad,0.049,0.619,0.786,0.0,0.142,-4.938,0.0397,83.048,0.628,4
sad,0.246,0.571,0.789,0.0,0.16,-4.347,0.0303,96.095,0.536,4
sad,0.288,0.444,0.648,0.0,0.059,-4.955,0.0476,125.706,0.171,5
sad,0.222,0.428,0.626,8.22e-05,0.277,-6.639,0.0339,86.02,0.379,4
sad,0.866,0.464,0.473,0.0,0.109,-10.086,0.129,75.801,0.604,4
sad,0.424,0.738,0.621,7.39e-06,0.692,-7.313,0.0486,113.968,0.715,4
sad,0.0252,0.386,0.594,3.19e-06,0.0873,-6.186,0.0566,113.756,0.187,4
sad,0.266,0.793,0.859,0.000356,0.133,-3.774,0.0332,129.912,0.964,4
sad,0.118,0.561,0.674,0.0,0.111,-4.882,0.0818,148.127,0.383,4
sad,0.0782,0.565,0.55,0.0,0.196,-5.357,0.0397,143.927,0.302,4
sad,0.254,0.572,0.572,0.0,0.191,-8.324,0.3,94.897,0.61,4
sad,0.00321,0.583,0.792,4.92e-05,0.315,-5.894,0.0533,80.055,0.397,4
sad,0.166,0.918,0.857,0.0003,0.0855,-5.032,0.0623,121.006,0.972,4
sad,0.0337,0.456,0.862,0.0,0.172,-3.818,0.05,165.991,0.337,4
sad,0.0724,0.512,0.526,0.0,0.0675,-5.44,0.0251,85.024,0.249,4
sad,0.778,0.298,0.38,5.62e-05,0.11,-8.426,0.0287,75.602,0.152,4
sad,0.778,0.298,0.38,5.62e-05,0.11,-8.426,0.0287,75.602,0.152,4
sad,0.158,0.652,0.472,0.0,0.121,-8.084,0.0399,126.904,0.24,4
sad,0.71,0.687,0.409,0.0,0.126,-7.751,0.0311,111.861,0.16,4
sad,0.129,0.499,0.638,0.0,0.631,-6.145,0.0438,89.98,0.253,4
sad,0.00408,0.603,0.67,1.66e-06,0.112,-3.882,0.0249,107.995,0.445,4
sad,0.0149,0.737,0.615,0.0,0.102,-3.76,0.0317,110.023,0.41,4
sad,0.536,0.556,0.346,0.0,0.106,-9.809,0.311,123.869,0.451,4
sad,0.347,0.423,0.405,0.0,0.0951,-6.174,0.033,140.875,0.346,4
sad,0.227,0.555,0.41,0.0,0.13,-8.308,0.0431,169.804,0.433,4
